Cutibacterium_acnes	0.72573
Cutibacterium_granulosum	0.00649
Cutibacterium_avidum	0.00084
Propionibacterium_sp._oral_taxon_193	0.07397
Propionibacterium_freudenreichii	0.00005
Pseudopropionibacterium_propionicum	0.00008
Tessaracoccus_aquimaris	0.00002
Tessaracoccus_flavescens	0.00002
Tessaracoccus_sp._Marseille-P5995	0.00002
Tessaracoccus_sp._T2.5-30	0.00001
Tessaracoccus_flavus	0.00000
Microlunatus_phosphovorus	0.00003
Microlunatus_soli	0.00001
Acidipropionibacterium_acidipropionici	0.00004
Acidipropionibacterium_virtanenii	0.00001
Auraticoccus_monumenti	0.00002
Nocardioides_sp._CF8	0.00005
Nocardioides_sp._JS614	0.00004
Nocardioides_sp._78	0.00004
Nocardioides_dokdonensis	0.00003
Friedmanniella_sagamiharensis	0.00012
Friedmanniella_luteola	0.00002
Aeromicrobium_marinum	0.00002
Aeromicrobium_erythreum	0.00001
Aeromicrobium_choanae	0.00001
Aeromicrobium_sp._592	0.00001
Aeromicrobium_sp._A1-2	0.00001
Pimelobacter_simplex	0.00004
Kribbella_flavida	0.00003
Marmoricola_scoriae	0.00002
Micropruina_glycogenica	0.00002
Actinopolymorpha_singaporensis	0.00001
Bifidobacterium_dentium	0.01687
Bifidobacterium_longum	0.00422
Bifidobacterium_catenulatum	0.00024
Bifidobacterium_breve	0.00016
Bifidobacterium_adolescentis	0.00011
Bifidobacterium_animalis	0.00005
Bifidobacterium_bifidum	0.00004
Bifidobacterium_kashiwanohense	0.00004
Bifidobacterium_angulatum	0.00002
Bifidobacterium_thermophilum	0.00002
Bifidobacterium_scardovii	0.00002
Bifidobacterium_actinocoloniiforme	0.00001
Bifidobacterium_pseudocatenulatum	0.00001
Bifidobacterium_pseudolongum	0.00001
Bifidobacterium_asteroides	0.00000
Bifidobacterium_choerinum	0.00000
Gardnerella_vaginalis	0.00012
Parascardovia_denticolens	0.00010
Scardovia_inopinata	0.00000
Corynebacterium_striatum	0.00067
Corynebacterium_simulans	0.00067
Corynebacterium_ureicelerivorans	0.00046
Corynebacterium_kroppenstedtii	0.00031
Corynebacterium_jeikeium	0.00043
Corynebacterium_aurimucosum	0.00027
Corynebacterium_singulare	0.00027
Corynebacterium_minutissimum	0.00024
Corynebacterium_camporealensis	0.00015
Corynebacterium_flavescens	0.00012
Corynebacterium_diphtheriae	0.00016
Corynebacterium_resistens	0.00012
Corynebacterium_sp._ATCC_6931	0.00017
Corynebacterium_stationis	0.00007
Corynebacterium_doosanense	0.00006
Corynebacterium_genitalium	0.00006
Corynebacterium_falsenii	0.00005
Corynebacterium_casei	0.00006
Corynebacterium_sp._2183	0.00005
Corynebacterium_timonense	0.00005
Corynebacterium_ammoniagenes	0.00006
Corynebacterium_phocae	0.00005
Corynebacterium_halotolerans	0.00005
Corynebacterium_renale	0.00005
Corynebacterium_variabile	0.00005
Corynebacterium_sp._NML98-0116	0.00005
Corynebacterium_testudinoris	0.00004
Corynebacterium_riegelii	0.00004
Corynebacterium_humireducens	0.00004
Corynebacterium_uterequi	0.00004
Corynebacterium_glaucum	0.00004
Corynebacterium_frankenforstense	0.00003
Corynebacterium_vitaeruminis	0.00003
Corynebacterium_marinum	0.00004
Corynebacterium_efficiens	0.00003
Corynebacterium_mycetoides	0.00003
Corynebacterium_atypicum	0.00003
Corynebacterium_urealyticum	0.00003
Corynebacterium_mustelae	0.00002
Corynebacterium_imitans	0.00003
Corynebacterium_sp._2184	0.00003
Corynebacterium_epidermidicanis	0.00002
Corynebacterium_lactis	0.00002
Corynebacterium_argentoratense	0.00002
Corynebacterium_maris	0.00002
Corynebacterium_glutamicum	0.00030
Corynebacterium_ulcerans	0.00002
Corynebacterium_aquilae	0.00002
Corynebacterium_sphenisci	0.00002
Corynebacterium_provencense	0.00002
Corynebacterium_cystitidis	0.00001
Corynebacterium_deserti	0.00002
Corynebacterium_callunae	0.00001
Corynebacterium_pseudotuberculosis	0.00001
Corynebacterium_glyciniphilum	0.00001
Corynebacterium_crudilactis	0.00001
Corynebacterium_kutscheri	0.00000
Corynebacterium_terpenotabidum	0.00000
Mycobacterium_sp._djl-10	0.00028
Mycobacterium_avium	0.00015
Mycobacterium_chimaera	0.00009
Mycobacterium_colombiense	0.00003
Mycobacterium_marseillense	0.00002
Mycobacterium_intracellulare	0.00003
Mycobacterium_dioxanotrophicus	0.00015
Mycobacterium_sp._YC-RL4	0.00014
Mycobacterium_sp._MS1601	0.00010
Mycobacterium_sp._JS623	0.00010
Mycobacterium_sp._VKM_Ac-1817D	0.00045
Mycobacterium_shigaense	0.00004
Mycobacterium_simiae	0.00004
Mycobacterium_sp._JLS	0.00009
Mycobacterium_sp._EPa45	0.00004
Mycobacterium_haemophilum	0.00002
Mycobacterium_kansasii	0.00002
Mycobacterium_sp._KMS	0.00034
Mycobacterium_sp._WY10	0.00002
Mycobacterium_sp._PYR15	0.00002
Mycobacterium_canettii	0.00001
Mycobacterium_marinum	0.00002
Mycobacterium_leprae	0.00000
Mycobacterium_sp._QIA-37	0.00001
Mycolicibacterium_gilvum	0.00035
Mycolicibacterium_vanbaalenii	0.00027
Mycolicibacterium_vaccae	0.00020
Mycolicibacterium_chubuense	0.00014
Mycolicibacterium_rutilum	0.00013
Mycolicibacterium_phlei	0.00010
Mycolicibacterium_fortuitum	0.00038
Mycolicibacterium_aurum	0.00007
Mycolicibacterium_rhodesiae	0.00007
Mycolicibacterium_smegmatis	0.00009
Mycolicibacterium_goodii	0.00006
Mycolicibacterium_litorale	0.00004
Mycolicibacterium_thermoresistibile	0.00004
Mycobacteroides_abscessus	0.00029
Mycobacteroides_immunogenum	0.00002
[Mycobacterium]_stephanolepidis	0.00002
Mycobacteroides_chelonae	0.00003
Mycobacteroides_saopaulense	0.00001
Mycolicibacter_sinensis	0.00003
Mycolicibacter_terrae	0.00002
Hoyosella_subflava	0.00000
Tsukamurella_tyrosinosolvens	0.00082
Tsukamurella_paurometabola	0.00008
Lawsonella_clevelandensis	0.00076
Gordonia_bronchialis	0.00037
Gordonia_terrae	0.00011
Gordonia_sp._KTR9	0.00008
Gordonia_polyisoprenivorans	0.00005
Gordonia_rubripertincta	0.00005
Gordonia_sp._1D	0.00004
Gordonia_phthalatica	0.00001
Gordonia_sp._YC-JH1	0.00001
Gordonia_iterans	0.00001
Rhodococcus_sp._PBTS_1	0.00011
Rhodococcus_sp._MTM3W5.2	0.00003
Rhodococcus_sp._S2-17	0.00002
Rhodococcus_ruber	0.00002
Rhodococcus_opacus	0.00002
Rhodococcus_hoagii	0.00002
Rhodococcus_rhodochrous	0.00002
Rhodococcus_fascians	0.00002
Rhodococcus_jostii	0.00001
Rhodococcus_sp._WMMA185	0.00001
Rhodococcus_sp._2G	0.00003
Rhodococcus_coprophilus	0.00001
Rhodococcus_sp._008	0.00003
Rhodococcus_erythropolis	0.00002
Rhodococcus_sp._p52	0.00003
Rhodococcus_sp._B7740	0.00000
Rhodococcus_sp._YL-1	0.00001
Rhodococcus_biphenylivorans	0.00002
Rhodococcus_pyridinivorans	0.00001
Nocardia_cyriacigeorgica	0.00005
Nocardia_brasiliensis	0.00002
Nocardia_terpenica	0.00002
Nocardia_farcinica	0.00002
Nocardia_nova	0.00001
Nocardia_seriolae	0.00000
Dietzia_timorensis	0.00008
Dietzia_sp._oral_taxon_368	0.00003
Dietzia_psychralcaliphila	0.00002
Dietzia_sp._JS16-p6b	0.00001
Dietzia_lutea	0.00001
Rothia_dentocariosa	0.00277
Rothia_mucilaginosa	0.00207
Micrococcus_luteus	0.00201
Kocuria_palustris	0.00049
Kocuria_flava	0.00003
Kocuria_sp._BT304	0.00009
Kocuria_rhizophila	0.00008
Kocuria_turfanensis	0.00001
Arthrobacter_alpinus	0.00001
Arthrobacter_sp._QXT-31	0.00001
Arthrobacter_sp._YC-RL1	0.00001
Arthrobacter_crystallopoietes	0.00001
Arthrobacter_sp._FB24	0.00001
Arthrobacter_sp._PAMC_25486	0.00000
Arthrobacter_sp._ZXY-2	0.00002
Arthrobacter_sp._U41	0.00000
Arthrobacter_sp._YN	0.00000
Arthrobacter_sp._DCT5	0.00000
Pseudarthrobacter_phenanthrenivorans	0.00002
Pseudarthrobacter_equi	0.00001
Pseudarthrobacter_chlorophenolicus	0.00001
Pseudarthrobacter_sulfonivorans	0.00000
Sinomonas_atrocyanea	0.00002
Auritidibacter_sp._NML130574	0.00002
Glutamicibacter_arilaitensis	0.00001
Zhihengliuella_sp._ISTPL4	0.00001
Neomicrococcus_aestuarii	0.00001
Psychromicrobium_lacuslunae	0.00000
Paenarthrobacter_aurescens	0.00001
Microbacterium_aurum	0.00021
Microbacterium_chocolatum	0.00006
Microbacterium_sp._No._7	0.00003
Microbacterium_sp._LKL04	0.00002
Microbacterium_testaceum	0.00002
Microbacterium_foliorum	0.00002
Microbacterium_sp._PAMC_28756	0.00004
Microbacterium_sp._PM5	0.00002
Microbacterium_paludicola	0.00002
Microbacterium_pygmaeum	0.00002
Microbacterium_sp._XT11	0.00002
Microbacterium_hominis	0.00002
Microbacterium_paraoxydans	0.00007
Microbacterium_sp._TPU_3598	0.00001
Microbacterium_sp._BH-3-3-3	0.00001
Microbacterium_sp._CGR1	0.00002
Microbacterium_sp._1.5R	0.00002
Microbacterium_sp._str._'China'	0.00001
Leifsonia_xyli	0.00004
Curtobacterium_sp._MR_MD2014	0.00002
Curtobacterium_sp._BH-2-1-1	0.00001
Curtobacterium_pusillum	0.00001
Agrococcus_jejuensis	0.00002
Agrococcus_carbonis	0.00002
Clavibacter_michiganensis	0.00003
Agromyces_flavus	0.00002
Agromyces_aureus	0.00001
Agromyces_sp._30A	0.00000
Microterricola_viridarii	0.00003
Cryobacterium_sp._LW097	0.00001
Cryobacterium_sp._GCJ02	0.00001
Cryobacterium_arcticum	0.00000
Frondihabitans_sp._762G35	0.00001
Frondihabitans_sp._PAMC_28766	0.00001
Plantibacter_flavus	0.00002
Salinibacterium_sp._CGMCC_1.16371	0.00002
Humibacter_sp._BT305	0.00007
Rathayibacter_tritici	0.00001
Cnuibacter_physcomitrellae	0.00005
Microcella_alkaliphila	0.00001
Aurantimicrobium_sp._MWH-Mo1	0.00000
Mycetocola_sp._CGMCC_1.16372	0.00000
Rhodoluna_lacicola	0.00000
Dermacoccus_nishinomiyaensis	0.00038
Kytococcus_sedentarius	0.00005
Luteipulveratus_mongoliensis	0.00002
Brachybacterium_ginsengisoli	0.00005
Brachybacterium_sp._P6-10-X1	0.00003
Brachybacterium_faecium	0.00003
Brachybacterium_sp._VR2415	0.00003
Brachybacterium_saurashtrense	0.00002
Brachybacterium_sp._VM2412	0.00002
Dermabacter_vaginalis	0.00010
Janibacter_indicus	0.00016
Serinicoccus_sp._JLT9	0.00002
Ornithinimicrobium_sp._AMA3305	0.00002
Arsenicicoccus_sp._oral_taxon_190	0.00001
Intrasporangium_calvum	0.00001
Phycicoccus_dokdonensis	0.00001
Brevibacterium_linens	0.00004
Brevibacterium_siliguriense	0.00004
Brevibacterium_sandarakinum	0.00003
Cellulomonas_flavigena	0.00002
Cellulomonas_fimi	0.00002
Cellulomonas_sp._PSBB021	0.00001
Cellulomonas_gilvus	0.00000
Paraoerskovia_marina	0.00000
Cellulosimicrobium_sp._TH-20	0.00002
Cellulosimicrobium_cellulans	0.00000
Xylanimonas_cellulosilytica	0.00001
Isoptericola_variabilis	0.00000
Isoptericola_dokdonensis	0.00000
Beutenbergia_cavernae	0.00002
Miniimonas_sp._S16	0.00001
Dermatophilus_congolensis	0.00001
Austwickia_chelonae	0.00000
Sanguibacter_keddieii	0.00001
Tropheryma_whipplei	0.00000
Actinomyces_oris	0.00409
Actinomyces_sp._oral_taxon_414	0.00017
Actinomyces_meyeri	0.00016
Actinomyces_hongkongensis	0.00014
Actinomyces_sp._oral_taxon_897	0.00008
Actinomyces_radicidentis	0.00006
Actinomyces_sp._2129	0.00004
Actinomyces_pacaensis	0.00003
Actinomyces_gaoshouyii	0.00003
Actinomyces_sp._Chiba101	0.00003
Actinomyces_sp._Z16	0.00002
Actinomyces_radingae	0.00001
Actinomyces_sp._VUL4_3	0.00001
Actinotignum_schaalii	0.00002
Actinotignum_sp._313	0.00000
Arcanobacterium_haemolyticum	0.00001
Arcanobacterium_phocae	0.00000
Trueperella_pyogenes	0.00001
Mobiluncus_curtisii	0.00000
Streptomyces_niveus	0.00001
Streptomyces_venezuelae	0.00001
Streptomyces_albulus	0.00002
Streptomyces_avermitilis	0.00001
Streptomyces_sp._ZFG47	0.00001
Streptomyces_sp._P3	0.00001
Streptomyces_sp._WAC00288	0.00001
Streptomyces_chartreusis	0.00001
Streptomyces_sp._TLI_053	0.00001
Streptomyces_sp._CdTB01	0.00001
Streptomyces_griseochromogenes	0.00001
Streptomyces_lydicus	0.00001
Streptomyces_alboflavus	0.00001
Streptomyces_sp._SM18	0.00001
Streptomyces_spongiicola	0.00001
Streptomyces_sp._GSSD-12	0.00001
Streptomyces_pactum	0.00001
Streptomyces_globisporus	0.00001
Streptomyces_anulatus	0.00000
Streptomyces_griseus	0.00000
Streptomyces_gilvosporeus	0.00001
Streptomyces_xiamenensis	0.00001
Streptomyces_albireticuli	0.00001
Streptomyces_nigra	0.00001
Streptomyces_rubrolavendulae	0.00001
Streptomyces_bingchenggensis	0.00000
Streptomyces_sp._NEAU-S7GS2	0.00001
Streptomyces_atratus	0.00000
Streptomyces_sp._SirexAA-E	0.00001
Streptomyces_pluripotens	0.00000
Streptomyces_lavendulae	0.00001
Streptomyces_lunaelactis	0.00000
Streptomyces_sp._Go-475	0.00001
Streptomyces_formicae	0.00000
Streptomyces_dengpaensis	0.00000
Streptomyces_globosus	0.00001
Streptomyces_sp._3214.6	0.00001
Streptomyces_sp._S8	0.00001
Streptomyces_pristinaespiralis	0.00000
Streptomyces_sp._Tue_6075	0.00000
Streptomyces_albus	0.00000
Streptomyces_sp._SAT1	0.00000
Streptomyces_xinghaiensis	0.00000
Streptomyces_qaidamensis	0.00000
Streptomyces_sp._HNM0039	0.00000
Streptomyces_sp._RTd22	0.00000
Streptomyces_sp._Mg1	0.00000
Streptomyces_sp._CC0208	0.00014
Streptomyces_sp._fd1-xmd	0.00000
Streptomyces_vietnamensis	0.00000
Streptomyces_davaonensis	0.00000
Streptomyces_scabiei	0.00000
Streptomyces_olivoreticuli	0.00000
Streptomyces_lincolnensis	0.00000
Streptomyces_fulvissimus	0.00000
Streptomyces_hygroscopicus	0.00001
Streptomyces_cyaneogriseus	0.00000
Streptomyces_parvulus	0.00000
Streptomyces_griseorubiginosus	0.00000
Streptomyces_clavuligerus	0.00000
Streptomyces_antibioticus	0.00000
Streptomyces_collinus	0.00000
Streptomyces_roseochromogenus	0.00000
Streptomyces_ambofaciens	0.00001
Kitasatospora_setae	0.00003
Kitasatospora_sp._MMS16-BH015	0.00001
Kitasatospora_aureofaciens	0.00000
Streptacidiphilus_sp._DSM_106435	0.00000
Actinoalloteichus_sp._AHMU_CJ021	0.00014
Actinoalloteichus_hoggarensis	0.00000
Actinoalloteichus_hymeniacidonis	0.00000
Actinoalloteichus_sp._GBA129-24	0.00002
Pseudonocardia_sp._AL041005-10	0.00007
Pseudonocardia_sp._HH130630-07	0.00002
Pseudonocardia_dioxanivorans	0.00001
Pseudonocardia_sp._HH130629-09	0.00001
Amycolatopsis_mediterranei	0.00001
Amycolatopsis_methanolica	0.00001
Amycolatopsis_albispora	0.00001
Amycolatopsis_orientalis	0.00002
Amycolatopsis_sp._AA4	0.00001
Amycolatopsis_sp._BJA-103	0.00001
Saccharopolyspora_erythraea	0.00002
Saccharomonospora_marina	0.00001
Saccharomonospora_glauca	0.00001
Saccharomonospora_viridis	0.00000
Saccharomonospora_cyanea	0.00000
Actinosynnema_pretiosum	0.00002
Lentzea_guizhouensis	0.00002
Prauserella_marina	0.00001
Allokutzneria_albata	0.00001
Alloactinosynnema_sp._L-07	0.00001
Kibdelosporangium_phytohabitans	0.00000
Saccharothrix_espanaensis	0.00000
Kutzneria_albida	0.00000
Micromonospora_echinaurantiaca	0.00002
Micromonospora_echinospora	0.00001
Micromonospora_viridifaciens	0.00001
Micromonospora_coriariae	0.00001
Micromonospora_siamensis	0.00001
Micromonospora_sp._WMMA2032	0.00001
Micromonospora_echinofusca	0.00001
Micromonospora_purpureochromogenes	0.00001
Micromonospora_auratinigra	0.00001
Micromonospora_narathiwatensis	0.00001
Micromonospora_krabiensis	0.00000
Micromonospora_rifamycinica	0.00000
Micromonospora_zamorensis	0.00000
Micromonospora_coxensis	0.00000
Micromonospora_chokoriensis	0.00000
Micromonospora_inositola	0.00000
Micromonospora_aurantiaca	0.00001
Actinoplanes_sp._N902-109	0.00002
Actinoplanes_friuliensis	0.00001
Actinoplanes_missouriensis	0.00001
Plantactinospora_sp._BB1	0.00001
Plantactinospora_sp._KBS50	0.00001
Plantactinospora_sp._BC1	0.00001
Salinispora_arenicola	0.00001
Salinispora_tropica	0.00000
Geodermatophilus_obscurus	0.00008
Blastococcus_saxobsidens	0.00003
Modestobacter_marinus	0.00002
Thermomonospora_curvata	0.00001
Actinomadura_amylolytica	0.00001
Nocardiopsis_dassonvillei	0.00000
Nocardiopsis_alba	0.00000
Nocardiopsis_gilva	0.00000
Thermobifida_fusca	0.00001
Streptosporangium_sp._'caverna'	0.00001
Streptosporangium_roseum	0.00001
Nonomuraea_sp._ATCC_55076	0.00000
Frankia_inefficax	0.00001
Frankia_casuarinae	0.00000
Frankia_symbiont_of_Datisca_glomerata	0.00000
Frankia_sp._QA3	0.00000
Frankia_alni	0.00000
Jatrophihabitans_sp._GAS493	0.00000
Frankineae_bacterium_MT45	0.00001
Jiangella_sp._DSM_45060	0.00003
Jiangella_alkaliphila	0.00001
Nakamurella_multipartita	0.00002
Nakamurella_panacisegetis	0.00000
Catenulispora_acidiphila	0.00001
Kineococcus_radiotolerans	0.00001
Thermobispora_bispora	0.00001
Stackebrandtia_nassauensis	0.00000
Actinopolyspora_erythraea	0.00000
Candidatus_Planktophila_vernalis	0.00000
Eggerthella_lenta	0.00065
Gordonibacter_urolithinfaciens	0.00000
Gordonibacter_pamelaeae	0.00000
Gordonibacter_massiliensis	0.00000
Collinsella_aerofaciens	0.00008
Coriobacterium_glomerans	0.00000
Olsenella_sp._oral_taxon_807	0.00005
Olsenella_uli	0.00000
Olsenella_umbonata	0.00000
Olsenella_sp._GAM18	0.00000
Atopobium_parvulum	0.00001
Rubrobacter_xylanophilus	0.00002
Rubrobacter_indioceani	0.00001
Rubrobacter_radiotolerans	0.00000
Euzebya_sp._DY32-46	0.00000
Conexibacter_woesei	0.00000
Acidimicrobium_ferrooxidans	0.00000
Staphylococcus_epidermidis	0.01050
Staphylococcus_argenteus	0.00201
Staphylococcus_capitis	0.00151
Staphylococcus_haemolyticus	0.00155
Staphylococcus_aureus	0.00170
Staphylococcus_cohnii	0.00111
Staphylococcus_hominis	0.00083
Staphylococcus_lugdunensis	0.00077
Staphylococcus_saprophyticus	0.00057
Staphylococcus_auricularis	0.00008
Staphylococcus_pasteuri	0.00003
Staphylococcus_kloosii	0.00003
Staphylococcus_sp._M0911	0.00003
Staphylococcus_warneri	0.00003
Staphylococcus_pettenkoferi	0.00002
Staphylococcus_simulans	0.00001
Staphylococcus_xylosus	0.00001
Staphylococcus_nepalensis	0.00001
Staphylococcus_sp._AntiMn-1	0.00005
Staphylococcus_sciuri	0.00001
Staphylococcus_equorum	0.00001
Staphylococcus_felis	0.00000
Staphylococcus_agnetis	0.00000
Staphylococcus_simiae	0.00000
Macrococcus_canis	0.00001
Macrococcus_caseolyticus	0.00001
Auricoccus_indicus	0.00000
Bacillus_cereus	0.00006
Bacillus_thuringiensis	0.00001
Bacillus_anthracis	0.00001
Bacillus_velezensis	0.00002
Bacillus_amyloliquefaciens	0.00001
Bacillus_paralicheniformis	0.00000
Bacillus_subtilis	0.00000
Bacillus_oceanisediminis	0.00001
Bacillus_flexus	0.00000
Bacillus_xiamenensis	0.00000
Bacillus_sp._OxB-1	0.00000
Bacillus_beveridgei	0.00000
Bacillus_sp._FJAT-18017	0.00000
Bacillus_safensis	0.00000
Bacillus_horikoshii	0.00000
Anoxybacillus_flavithermus	0.00001
Anoxybacillus_amylolyticus	0.00000
Geobacillus_stearothermophilus	0.00001
Geobacillus_sp._WCH70	0.00000
Lysinibacillus_sp._2017	0.00000
Lysinibacillus_sp._YS11	0.00001
Oceanobacillus_iheyensis	0.00001
Aeribacillus_pallidus	0.00000
Parageobacillus_thermoglucosidasius	0.00001
Gemella_morbillorum	0.00004
Exiguobacterium_sp._MH3	0.00002
Exiguobacterium_sp._AT1b	0.00001
Exiguobacterium_antarcticum	0.00000
Exiguobacterium_sp._ZWU0009	0.00000
Paenibacillus_stellifer	0.00001
Paenibacillus_xylanexedens	0.00000
Paenibacillus_polymyxa	0.00000
Paenibacillus_sp._FSL_P4-0081	0.00000
Paenibacillus_sp._FSL_R7-0273	0.00000
Paenibacillus_graminis	0.00000
Paenibacillus_crassostreae	0.00000
Paenibacillus_terrae	0.00000
Paenibacillus_sp._BIHB4019	0.00000
Paenibacillus_ihbetae	0.00000
Thermobacillus_composti	0.00000
Planococcus_versutus	0.00001
Planococcus_faecalis	0.00000
Sporosarcina_ureae	0.00000
Kurthia_sp._11kri321	0.00000
Solibacillus_sp._R5-41	0.00000
Rummeliibacillus_stabekisii	0.00000
Brochothrix_thermosphacta	0.00001
Listeria_ivanovii	0.00000
Tumebacillus_algifaecis	0.00000
Tumebacillus_avium	0.00000
Streptococcus_mitis	0.00541
Streptococcus_pneumoniae	0.00432
Streptococcus_oralis	0.00194
Streptococcus_sanguinis	0.00097
Streptococcus_parasanguinis	0.00080
Streptococcus_pseudopneumoniae	0.00082
Streptococcus_thermophilus	0.00066
Streptococcus_sp._oral_taxon_431	0.00048
Streptococcus_salivarius	0.00063
Streptococcus_gordonii	0.00029
Streptococcus_sp._NPS_308	0.00028
Streptococcus_sp._oral_taxon_064	0.00035
Streptococcus_cristatus	0.00017
Streptococcus_anginosus	0.00011
Streptococcus_intermedius	0.00005
Streptococcus_constellatus	0.00000
Streptococcus_australis	0.00012
Streptococcus_sp._A12	0.00012
Streptococcus_mutans	0.00009
Streptococcus_sp._I-P16	0.00014
Streptococcus_sp._I-G2	0.00010
Streptococcus_suis	0.00004
Streptococcus_equinus	0.00006
Streptococcus_sp._FDAARGOS_192	0.00007
Streptococcus_pluranimalium	0.00003
Streptococcus_sobrinus	0.00001
Streptococcus_equi	0.00001
Streptococcus_dysgalactiae	0.00001
Streptococcus_gallolyticus	0.00002
Streptococcus_iniae	0.00001
Streptococcus_himalayensis	0.00001
Streptococcus_halotolerans	0.00001
Streptococcus_infantarius	0.00004
Streptococcus_pasteurianus	0.00001
Streptococcus_parauberis	0.00001
Streptococcus_porcinus	0.00001
Streptococcus_pyogenes	0.00001
Streptococcus_sp._Z15	0.00000
Streptococcus_agalactiae	0.00001
Streptococcus_acidominimus	0.00000
Streptococcus_merionis	0.00000
Streptococcus_uberis	0.00000
Streptococcus_pantholopis	0.00000
Streptococcus_ferus	0.00000
Streptococcus_marmotae	0.00000
Streptococcus_respiraculi	0.00000
Lactococcus_lactis	0.00006
Lactococcus_piscium	0.00003
Lactococcus_garvieae	0.00001
Lactococcus_raffinolactis	0.00001
Lactobacillus_paracasei	0.00130
Lactobacillus_casei	0.00068
Lactobacillus_rhamnosus	0.00002
Lactobacillus_delbrueckii	0.00001
Lactobacillus_mucosae	0.00001
Lactobacillus_acidophilus	0.00001
Lactobacillus_amylovorus	0.00001
Lactobacillus_gasseri	0.00000
Lactobacillus_sanfranciscensis	0.00000
Lactobacillus_crustorum	0.00000
Lactobacillus_alimentarius	0.00000
Lactobacillus_murinus	0.00000
Lactobacillus_johnsonii	0.00000
Lactobacillus_heilongjiangensis	0.00000
Lactobacillus_curieae	0.00000
Lactobacillus_crispatus	0.00000
Lactobacillus_gallinarum	0.00001
Lactobacillus_paraplantarum	0.00000
Lactobacillus_fermentum	0.00000
Lactobacillus_kunkeei	0.00000
Lactobacillus_sp._wkB8	0.00000
Lactobacillus_backii	0.00000
Lactobacillus_reuteri	0.00000
Lactobacillus_paracollinoides	0.00000
Lactobacillus_zymae	0.00000
Lactobacillus_helveticus	0.00000
Lactobacillus_buchneri	0.00000
Pediococcus_damnosus	0.00000
Enterococcus_faecalis	0.00007
Enterococcus_faecium	0.00001
Enterococcus_cecorum	0.00000
Enterococcus_casseliflavus	0.00000
Enterococcus_thailandicus	0.00000
Tetragenococcus_halophilus	0.00000
Aerococcus_christensenii	0.00003
Aerococcus_viridans	0.00003
Aerococcus_urinaeequi	0.00002
Aerococcus_urinae	0.00000
Leuconostoc_mesenteroides	0.00002
Leuconostoc_citreum	0.00000
Leuconostoc_suionicum	0.00001
Weissella_cibaria	0.00001
Carnobacterium_sp._17-4	0.00001
Carnobacterium_maltaromaticum	0.00000
Carnobacterium_inhibens	0.00000
Lactobacillales_bacterium	0.00000
Veillonella_parvula	0.00058
Veillonella_rodentium	0.00003
Negativicoccus_massiliensis	0.00002
Megasphaera_stantonii	0.00000
Dialister_pneumosintes	0.00000
Selenomonas_sputigena	0.00004
Selenomonas_sp._oral_taxon_126	0.00004
Selenomonas_sp._oral_taxon_920	0.00002
Selenomonas_sp._oral_taxon_136	0.00002
Selenomonas_sp._oral_taxon_478	0.00002
Megamonas_hypermegale	0.00000
Acidaminococcus_intestini	0.00002
Lachnoclostridium_sp._YL32	0.00010
[Clostridium]_bolteae	0.00004
Lachnoclostridium_phocaeense	0.00002
[Clostridium]_sphenoides	0.00000
Anaerostipes_hadrus	0.00002
[Eubacterium]_rectale	0.00001
Lachnospiraceae_bacterium_Choco86	0.00001
Lachnospiraceae_bacterium_oral_taxon_500	0.00000
Lachnoanaerobaculum_umeaense	0.00001
Butyrivibrio_fibrisolvens	0.00000
Butyrivibrio_hungatei	0.00000
Roseburia_hominis	0.00001
Cellulosilyticum_lentocellum	0.00000
[Eubacterium]_sulci	0.00002
Mogibacterium_diversum	0.00002
Mogibacterium_pumilum	0.00000
Faecalibacterium_prausnitzii	0.00002
Ruminococcus_albus	0.00000
Flavonifractor_plautii	0.00000
Ruminococcaceae_bacterium_CPB6	0.00000
Filifactor_alocis	0.00001
Clostridioides_difficile	0.00001
Clostridiales_bacterium_CCNA10	0.00002
Intestinimonas_butyriciproducens	0.00001
Desulfitobacterium_metallireducens	0.00001
Syntrophobotulus_glycolicus	0.00000
Desulfofarcimen_acetoxidans	0.00000
Eubacterium_limosum	0.00000
[Eubacterium]_hallii	0.00001
Clostridium_isatidis	0.00000
Clostridium_sporogenes	0.00000
Mordavella_sp._Marseille-P3756	0.00000
Hungateiclostridium_saccincola	0.00000
Mageeibacillus_indolicus	0.00000
Oscillibacter_sp._PEA192	0.00001
Symbiobacterium_thermophilum	0.00000
Thermoanaerobacter_kivui	0.00000
Finegoldia_magna	0.00011
Parvimonas_micra	0.00000
Ezakiella_massiliensis	0.00000
Erysipelotrichaceae_bacterium_GAM147	0.00002
Faecalitalea_cylindroides	0.00006
Limnochorda_pilosa	0.00000
Deinococcus_wulumuqiensis	0.00004
Deinococcus_sp._NW-56	0.00002
Deinococcus_geothermalis	0.00002
Deinococcus_actinosclerus	0.00003
Deinococcus_radiodurans	0.00002
Deinococcus_gobiensis	0.00001
Deinococcus_swuensis	0.00001
Deinococcus_puniceus	0.00001
Deinococcus_maricopensis	0.00000
Deinococcus_ficus	0.00000
Deinococcus_peraridilitoris	0.00000
Deinococcus_soli_Cha_et_al._2016	0.00001
Truepera_radiovictrix	0.00000
Thermus_thermophilus	0.00001
Thermus_aquaticus	0.00000
Thermus_brockianus	0.00000
Meiothermus_ruber	0.00000
Oceanithermus_profundus	0.00000
Synechococcus_sp._KORDI-49	0.00000
Synechococcus_sp._SynAce01	0.00000
Synechococcus_sp._WH_8020	0.00000
Synechococcus_sp._PCC_73109	0.00000
Synechococcus_sp._PCC_7003	0.00000
Synechococcus_sp._JA-3-3Ab	0.00000
Synechococcus_sp._RCC307	0.00000
Cyanobium_gracile	0.00000
Acaryochloris_marina	0.00000
Leptolyngbya_sp._NIES-3755	0.00000
Prochlorococcus_marinus	0.00000
Halomicronema_hongdechloris	0.00000
Nostoc_flagelliforme	0.00001
Nostoc_sp._'Lobaria_pulmonaria_(5183)_cyanobiont'	0.00001
Calothrix_sp._NIES-2098	0.00001
Scytonema_sp._HK-05	0.00000
Fischerella_sp._NIES-3754	0.00000
Chroococcidiopsis_thermalis	0.00003
Geitlerinema_sp._PCC_7407	0.00000
Oscillatoria_nigro-viridis	0.00000
Geminocystis_herdmanii	0.00000
cyanobacterium_endosymbiont_of_Rhopalodia_gibberula	0.00000
Stanieria_cyanosphaera	0.00000
Gloeobacter_kilaueensis	0.00000
Chloroflexus_aggregans	0.00000
Sphaerobacter_thermophilus	0.00000
Dehalococcoides_mccartyi	0.00000
Caldilinea_aerophila	0.00000
Candidatus_Promineofilum_breve	0.00000
Chthonomonas_calidirosea	0.00000
Fimbriimonas_ginsengisoli	0.00000
Entomoplasma_melaleucae	0.00000
Thermobaculum_terrenum	0.00000
Acinetobacter_baumannii	0.01048
Acinetobacter_pittii	0.00026
Acinetobacter_nosocomialis	0.00013
Acinetobacter_calcoaceticus	0.00003
Acinetobacter_lactucae	0.00002
Acinetobacter_junii	0.00068
Acinetobacter_schindleri	0.00052
Acinetobacter_sp._ACNIH1	0.00052
Acinetobacter_sp._WCHA45	0.00015
Acinetobacter_johnsonii	0.00021
Acinetobacter_soli	0.00007
Acinetobacter_sp._WCHA55	0.00009
Acinetobacter_sp._SWBY1	0.00006
Acinetobacter_venetianus	0.00005
Acinetobacter_bereziniae	0.00003
Acinetobacter_haemolyticus	0.00004
Acinetobacter_sp._ACNIH2	0.00004
Acinetobacter_radioresistens	0.00003
Acinetobacter_sp._WCHAc010034	0.00003
Acinetobacter_lwoffii	0.00010
Acinetobacter_sp._LoGeW2-3	0.00003
Acinetobacter_sp._TTH0-4	0.00002
Acinetobacter_indicus	0.00002
Acinetobacter_sp._ADP1	0.00002
Acinetobacter_wuhouensis	0.00002
Acinetobacter_sp._NCu2D-2	0.00001
Acinetobacter_defluvii	0.00002
Acinetobacter_sp._WCHAc010005	0.00001
Acinetobacter_larvae	0.00000
Acinetobacter_equi	0.00000
Acinetobacter_sp._TGL-Y2	0.00000
Acinetobacter_oleivorans	0.00000
Moraxella_osloensis	0.00323
Moraxella_bovis	0.00007
Moraxella_catarrhalis	0.00004
Moraxella_bovoculi	0.00001
Moraxella_ovis	0.00001
Psychrobacter_cryohalolentis	0.00001
Psychrobacter_sp._AntiMn-1	0.00001
Psychrobacter_sp._P11F6	0.00001
Psychrobacter_sp._DAB_AL43B	0.00000
Psychrobacter_sp._P2G3	0.00000
Psychrobacter_sp._P11G5	0.00000
Psychrobacter_sp._YP14	0.00000
Moraxellaceae_bacterium_HYN0046	0.00000
Pseudomonas_aeruginosa	0.00280
Pseudomonas_mendocina	0.00051
Pseudomonas_alcaligenes	0.00043
Pseudomonas_pseudoalcaligenes	0.00028
Pseudomonas_furukawaii	0.00005
Pseudomonas_citronellolis	0.00008
Pseudomonas_resinovorans	0.00003
Pseudomonas_putida	0.00185
Pseudomonas_oryzihabitans	0.00079
Pseudomonas_monteilii	0.00067
Pseudomonas_plecoglossicida	0.00019
Pseudomonas_fulva	0.00020
Pseudomonas_mosselii	0.00009
Pseudomonas_stutzeri	0.00121
Pseudomonas_balearica	0.00002
Pseudomonas_psychrotolerans	0.00053
Pseudomonas_koreensis	0.00034
Pseudomonas_fluorescens	0.00016
Pseudomonas_synxantha	0.00004
Pseudomonas_rhodesiae	0.00001
Pseudomonas_protegens	0.00001
Pseudomonas_cedrina	0.00001
Pseudomonas_trivialis	0.00001
Pseudomonas_brenneri	0.00001
Pseudomonas_tolaasii	0.00001
Pseudomonas_mandelii	0.00001
Pseudomonas_extremorientalis	0.00001
Pseudomonas_azotoformans	0.00001
Pseudomonas_poae	0.00001
Pseudomonas_mucidolens	0.00000
Pseudomonas_corrugata	0.00000
Pseudomonas_sp._ATCC_13867	0.00011
Pseudomonas_sihuiensis	0.00017
Pseudomonas_sp._phDV1	0.00029
Pseudomonas_sp._LPH1	0.00009
Pseudomonas_syringae	0.00007
Pseudomonas_viridiflava	0.00001
Pseudomonas_cichorii	0.00001
Pseudomonas_amygdali	0.00001
Pseudomonas_sp._FDAARGOS_380	0.00009
Pseudomonas_alcaliphila	0.00010
Pseudomonas_chlororaphis	0.00005
Pseudomonas_taetrolens	0.00001
Pseudomonas_fragi	0.00001
Pseudomonas_entomophila	0.00004
Pseudomonas_knackmussii	0.00004
Pseudomonas_parafulva	0.00004
Pseudomonas_sp._NC02	0.00005
Pseudomonas_sp._TCU-HL1	0.00003
Pseudomonas_sp._S-6-2	0.00003
Pseudomonas_sp._CC6-YY-74	0.00003
Pseudomonas_sp._FGI182	0.00008
Pseudomonas_sp._02C_26	0.00003
Pseudomonas_cremoricolorata	0.00003
Pseudomonas_sp._HLS-6	0.00003
Pseudomonas_sp._K2W31S-8	0.00003
Pseudomonas_oryzae	0.00002
Pseudomonas_sp._R2A2	0.00003
Pseudomonas_extremaustralis	0.00002
Pseudomonas_alkylphenolica	0.00002
Pseudomonas_rhizosphaerae	0.00002
Pseudomonas_pohangensis	0.00002
Pseudomonas_sp._VLB120	0.00014
Pseudomonas_versuta	0.00001
Pseudomonas_moraviensis	0.00002
Pseudomonas_frederiksbergensis	0.00002
Pseudomonas_saudiphocaensis	0.00001
Pseudomonas_sp._URMO17WK12:I11	0.00002
Pseudomonas_guangdongensis	0.00001
Pseudomonas_psychrophila	0.00001
Pseudomonas_vancouverensis	0.00001
Pseudomonas_kribbensis	0.00001
Pseudomonas_sp._CCOS_191	0.00001
Pseudomonas_umsongensis	0.00001
Pseudomonas_lini	0.00001
Pseudomonas_sp._NS1(2017)	0.00001
Pseudomonas_sp._B10	0.00001
Pseudomonas_agarici	0.00001
Pseudomonas_sp._SWI6	0.00009
Pseudomonas_sp._SWI36	0.00003
Pseudomonas_sp._SWI44	0.00005
Pseudomonas_sp._LG1D9	0.00001
Pseudomonas_sp._StFLB209	0.00001
Pseudomonas_brassicacearum	0.00003
Pseudomonas_sp._XWY-1	0.00002
Pseudomonas_sp._MYb193	0.00001
Pseudomonas_sp._09C_129	0.00001
Pseudomonas_sp._LH1G9	0.00001
Pseudomonas_sp._7SR1	0.00000
Pseudomonas_arsenicoxydans	0.00001
Pseudomonas_sp._PONIH3	0.00002
Pseudomonas_asplenii	0.00001
Pseudomonas_litoralis	0.00000
Pseudomonas_salegens	0.00000
Pseudomonas_prosekii	0.00001
Pseudomonas_xinjiangensis	0.00000
Pseudomonas_sp._JY-Q	0.00001
Pseudomonas_sp._MRSN12121	0.00001
Pseudomonas_sp._M30-35	0.00000
Pseudomonas_sp._MT-1	0.00001
Pseudomonas_sp._WCS374	0.00006
Pseudomonas_reinekei	0.00000
Pseudomonas_sp._UW4	0.00000
Pseudomonas_silesiensis	0.00000
Pseudomonas_sp._St29	0.00001
Pseudomonas_sp._LG1E9	0.00000
Pseudomonas_sp._DR_5-09	0.00000
Azotobacter_chroococcum	0.00003
Oblitimonas_alkaliphila	0.00000
Enterobacter_cloacae	0.00535
Enterobacter_roggenkampii	0.00088
Enterobacter_hormaechei	0.00176
Enterobacter_asburiae	0.00019
Enterobacter_cloacae_complex_sp.	0.00006
Enterobacter_cloacae_complex_sp._ECNIH7	0.00009
Enterobacter_cancerogenus	0.00001
Enterobacter_kobei	0.00003
Enterobacter_ludwigii	0.00001
Enterobacter_sp._R4-368	0.00004
Enterobacter_bugandensis	0.00003
Enterobacter_sp._FY-07	0.00001
Enterobacter_sp._E20	0.00002
Enterobacter_sp._SA187	0.00000
Enterobacter_sp._638	0.00000
Enterobacter_sp._ODB01	0.00001
Enterobacter_sp._CRENT-193	0.00004
Klebsiella_pneumoniae	0.00234
Klebsiella_aerogenes	0.00071
Klebsiella_quasipneumoniae	0.00029
Klebsiella_quasivariicola	0.00007
Klebsiella_variicola	0.00019
Klebsiella_oxytoca	0.00006
Klebsiella_michiganensis	0.00001
Klebsiella_sp._LTGPAF-6F	0.00004
Klebsiella_sp._M5al	0.00001
Pluralibacter_gergoviae	0.00130
[Enterobacter]_lignolyticus	0.00001
Plautia_stali_symbiont	0.00029
Enterobacteriaceae_bacterium_w6	0.00016
Enterobacteriaceae_bacterium_w17	0.00017
Enterobacteriaceae_bacterium_ENNIH1	0.00004
Enterobacteriaceae_bacterium_strain_FGI_57	0.00001
Enterobacteriaceae_bacterium_ENNIH2	0.00029
Blochmannia_endosymbiont_of_Camponotus_(Colobopsis)_obliquus	0.00000
Escherichia_coli	0.00230
Escherichia_fergusonii	0.00001
Escherichia_albertii	0.00000
Escherichia_marmotae	0.00000
Leclercia_sp._LSNIH1	0.00021
Leclercia_adecarboxylata	0.00000
Leclercia_sp._LSNIH3	0.00001
Citrobacter_freundii	0.00005
Citrobacter_werkmanii	0.00000
Citrobacter_farmeri	0.00003
Citrobacter_amalonaticus	0.00003
Citrobacter_koseri	0.00001
Citrobacter_sp._CRE-46	0.00002
Citrobacter_rodentium	0.00000
Citrobacter_sp._FDAARGOS_156	0.00000
Cronobacter_sakazakii	0.00008
Cronobacter_dublinensis	0.00001
Cronobacter_malonaticus	0.00001
Cronobacter_muytjensii	0.00000
Cronobacter_universalis	0.00000
Cronobacter_condimenti	0.00000
Lelliottia_nimipressuralis	0.00007
Lelliottia_amnigena	0.00000
Lelliottia_jeotgali	0.00001
Lelliottia_sp._WB101	0.00000
Salmonella_enterica	0.00014
Kosakonia_cowanii	0.00002
Kosakonia_sacchari	0.00001
Kosakonia_radicincitans	0.00001
Kluyvera_intermedia	0.00002
Raoultella_ornithinolytica	0.00001
Raoultella_planticola	0.00000
Shimwellia_blattae	0.00001
Cedecea_neteri	0.00000
Shigella_dysenteriae	0.00001
Gibbsiella_quercinecans	0.00000
Pantoea_calida	0.00040
Pantoea_vagans	0.00004
Pantoea_sp._PSNIH2	0.00024
Pantoea_agglomerans	0.00003
Pantoea_sp._PSNIH1	0.00002
Pantoea_ananatis	0.00001
Pantoea_sp._At-9b	0.00001
Pantoea_gaviniae	0.00000
Pantoea_alhagi	0.00000
Pantoea_stewartii	0.00000
Tatumella_ptyseos	0.00005
Erwinia_billingiae	0.00001
Erwinia_amylovora	0.00001
Erwinia_tasmaniensis	0.00000
Erwinia_gerundensis	0.00000
Dickeya_solani	0.00012
Dickeya_zeae	0.00005
Dickeya_chrysanthemi	0.00003
Dickeya_dadantii	0.00007
Dickeya_sp._NCPPB_3274	0.00005
Dickeya_dianthicola	0.00002
Dickeya_paradisiaca	0.00001
Dickeya_fangzhongdai	0.00006
Pectobacterium_carotovorum	0.00004
Pectobacterium_atrosepticum	0.00001
Pectobacterium_polaris	0.00001
Pectobacterium_wasabiae	0.00000
Brenneria_sp._EniD312	0.00000
Brenneria_goodwinii	0.00000
Serratia_marcescens	0.00003
Serratia_fonticola	0.00001
Serratia_liquefaciens	0.00001
Serratia_proteamaculans	0.00000
Serratia_ficaria	0.00000
Serratia_sp._ATCC_39006	0.00000
Serratia_rubidaea	0.00001
Serratia_plymuthica	0.00000
Serratia_sp._YD25	0.00000
Rahnella_aquatilis	0.00005
Rahnella_sp._ERMR1:05	0.00001
Yersinia_enterocolitica	0.00001
Yersinia_ruckeri	0.00000
Yersinia_aleksiciae	0.00001
Yersinia_similis	0.00000
Chania_multitudinisentens	0.00000
Morganella_morganii	0.00010
Proteus_mirabilis	0.00003
Xenorhabdus_poinarii	0.00001
Xenorhabdus_hominickii	0.00000
Providencia_rettgeri	0.00000
Providencia_stuartii	0.00000
Photorhabdus_asymbiotica	0.00000
Phytobacter_sp._SCO41	0.00007
Edwardsiella_ictaluri	0.00001
Edwardsiella_hoshinae	0.00000
Stenotrophomonas_maltophilia	0.00137
Stenotrophomonas_sp._ESTM1D_MKCIP4_1	0.00001
Stenotrophomonas_sp._SAU14A_NAIMI4_5	0.00001
Stenotrophomonas_sp._ZAC14D2_NAIMI4_6	0.00001
Stenotrophomonas_sp._YAU14D1_LEIMI4_1	0.00001
Stenotrophomonas_sp._YAU14A_MKIMI4_1	0.00001
Stenotrophomonas_sp._SAU14A_NAIMI4_8	0.00001
Stenotrophomonas_sp._ZAC14A_NAIMI4_1	0.00000
Stenotrophomonas_sp._Pemsol	0.00014
Stenotrophomonas_rhizophila	0.00006
Stenotrophomonas_acidaminiphila	0.00004
Stenotrophomonas_sp._LM091	0.00001
Stenotrophomonas_sp._MYb57	0.00002
Stenotrophomonas_sp._G4	0.00002
Stenotrophomonas_sp._WZN-1	0.00001
Xanthomonas_campestris	0.00010
Xanthomonas_translucens	0.00002
Xanthomonas_citri	0.00008
Xanthomonas_sacchari	0.00002
Xanthomonas_vesicatoria	0.00002
Xanthomonas_phaseoli	0.00001
Xanthomonas_euvesicatoria	0.00001
Xanthomonas_fragariae	0.00001
Xanthomonas_cassavae	0.00000
Xanthomonas_albilineans	0.00000
Lysobacter_capsici	0.00005
Lysobacter_enzymogenes	0.00004
Lysobacter_gummosus	0.00003
Lysobacter_antibioticus	0.00002
Lysobacter_maris	0.00001
Lysobacter_sp._TY2-98	0.00001
Luteimonas_sp._83-4	0.00007
Luteimonas_sp._100111	0.00002
Luteimonas_sp._JM171	0.00002
Pseudoxanthomonas_suwonensis	0.00009
Pseudoxanthomonas_spadix	0.00002
Xylella_taiwanensis	0.00001
Dyella_japonica	0.00001
Dyella_thiooxydans	0.00001
Dyella_jiangningensis	0.00000
Rhodanobacter_denitrificans	0.00001
Luteibacter_rhizovicinus	0.00001
Dokdonella_koreensis	0.00001
Frateuria_aurantia	0.00000
Ahniella_affigens	0.00000
Haemophilus_parainfluenzae	0.00137
Haemophilus_haemolyticus	0.00016
Haemophilus_influenzae	0.00012
Haemophilus_pittmaniae	0.00004
Haemophilus_sp._oral_taxon_036	0.00006
Aggregatibacter_segnis	0.00008
Aggregatibacter_aphrophilus	0.00006
Aggregatibacter_actinomycetemcomitans	0.00002
Actinobacillus_pleuropneumoniae	0.00001
Actinobacillus_equuli	0.00001
Actinobacillus_succinogenes	0.00000
Actinobacillus_porcitonsillarum	0.00000
Pasteurella_multocida	0.00003
Pasteurella_dagmatis	0.00000
Pasteurellaceae_bacterium_NI1060	0.00001
Mannheimia_varigena	0.00000
Mannheimia_haemolytica	0.00000
Histophilus_somni	0.00000
[Mannheimia]_succiniciproducens	0.00000
Aeromonas_sp._ASNIH7	0.00022
Aeromonas_caviae	0.00016
Aeromonas_hydrophila	0.00008
Aeromonas_sp._ASNIH1	0.00015
Aeromonas_veronii	0.00002
Aeromonas_salmonicida	0.00002
Aeromonas_sp._ASNIH2	0.00007
Aeromonas_sp._ASNIH3	0.00006
Aeromonas_sp._ASNIH5	0.00005
Aeromonas_media	0.00001
Aeromonas_schubertii	0.00000
Aeromonas_dhakensis	0.00000
Aeromonas_sp._ASNIH4	0.00001
Zobellella_denitrificans	0.00000
Halomonas_hydrothermalis	0.00021
Halomonas_sp._JS92-SW72	0.00004
Halomonas_sp._1513	0.00002
Halomonas_chromatireducens	0.00001
Halomonas_sp._A3H3	0.00001
Halomonas_elongata	0.00000
Halomonas_sp._N3-2A	0.00000
Halomonas_sp._GFAJ-1	0.00000
Halomonas_huangheensis	0.00000
Halomonas_sp._KO116	0.00000
Cobetia_marina	0.00000
Halotalea_alkalilenta	0.00000
Salinicola_tamaricis	0.00000
Alcanivorax_xenomutans	0.00001
Alcanivorax_dieselolei	0.00000
Alcanivorax_sp._N3-2A	0.00000
Marinobacterium_aestuarii	0.00000
Thalassolituus_oleivorans	0.00000
Oleispira_antarctica	0.00000
Hahella_chejuensis	0.00000
Shewanella_oneidensis	0.00001
Shewanella_marisflavi	0.00000
Shewanella_algae	0.00000
Shewanella_violacea	0.00000
Shewanella_bicestrii	0.00000
Shewanella_sp._MR-4	0.00001
Shewanella_sp._ANA-3	0.00000
Shewanella_denitrificans	0.00000
Marinobacter_similis	0.00000
Marinobacter_sp._LQ44	0.00000
Marinobacter_sp._es.042	0.00001
Alteromonas_australica	0.00000
Glaciecola_sp._4H-3-7+YE-5	0.00000
Pseudoalteromonas_aliena	0.00000
Idiomarina_loihiensis	0.00000
Idiomarina_piscisalsi	0.00000
Colwellia_sp._PAMC_20917	0.00000
Thioalkalivibrio_sulfidiphilus	0.00000
Thioalkalivibrio_paradoxus	0.00000
Thioalkalivibrio_nitratireducens	0.00000
Thioalkalivibrio_sp._K90mix	0.00000
Halorhodospira_halophila	0.00001
Alkalilimnicola_ehrlichii	0.00001
Acidihalobacter_ferrooxidans	0.00000
Acidihalobacter_prosperus	0.00000
Ectothiorhodospira_sp._BSL-9	0.00000
Thioflavicoccus_mobilis	0.00001
Candidatus_Thiodictyon_syntrophicum	0.00001
Allochromatium_vinosum	0.00000
Nitrosococcus_watsonii	0.00000
Wenzhouxiangella_marina	0.00000
Halothiobacillus_neapolitanus	0.00000
Granulosicoccus_antarcticus	0.00000
Methylovulum_psychrotolerans	0.00004
Methylomicrobium_album	0.00001
Methylomonas_methanica	0.00000
Methylocaldum_marinum	0.00000
Methylococcus_capsulatus	0.00000
Vibrio_alginolyticus	0.00001
Vibrio_owensii	0.00001
Vibrio_diabolicus	0.00000
Vibrio_furnissii	0.00001
Vibrio_cholerae	0.00001
Vibrio_fluvialis	0.00000
Vibrio_sp._2521-89	0.00000
Vibrio_tapetis	0.00000
Vibrio_rumoiensis	0.00000
Photobacterium_damselae	0.00000
Photobacterium_profundum	0.00000
Aliivibrio_fischeri	0.00000
Congregibacter_litoralis	0.00000
Halioglobus_japonicus	0.00000
Halioglobus_pacificus	0.00000
Cellvibrio_japonicus	0.00000
Teredinibacter_turnerae	0.00000
Microbulbifer_agarilyticus	0.00000
gamma_proteobacterium_HdN1	0.00000
endosymbiont_of_unidentified_scaly_snail_isolate_Monju	0.00000
Thiohalobacter_thiocyanaticus	0.00000
Candidatus_Baumannia_cicadellinicola	0.00000
Steroidobacter_denitrificans	0.00001
Solimonas_sp._K1W22B-7	0.00000
Sulfurifustis_variabilis	0.00001
Sulfuricaulis_limicola	0.00000
Methylophaga_nitratireducenticrescens	0.00000
Piscirickettsia_salmonis	0.00000
Salinisphaera_sp._LB1	0.00000
Coxiella_burnetii	0.00000
Immundisolibacter_cernigliae	0.00000
Delftia_tsuruhatensis	0.00406
Delftia_acidovorans	0.00099
Delftia_sp._Cs1-4	0.00020
Delftia_sp._HK171	0.00021
Comamonas_aquatica	0.00077
Comamonas_testosteroni	0.00008
Comamonas_kerstersii	0.00003
Comamonas_serinivorans	0.00002
Acidovorax_sp._KKS102	0.00006
Acidovorax_sp._JS42	0.00011
Acidovorax_carolinensis	0.00003
Acidovorax_sp._RAC01	0.00002
Acidovorax_avenae	0.00002
Acidovorax_ebreus	0.00005
Acidovorax_cattleyae	0.00001
Acidovorax_citrulli	0.00001
Acidovorax_sp._T1	0.00001
Variovorax_paradoxus	0.00004
Variovorax_sp._HW608	0.00002
Variovorax_boronicumulans	0.00002
Variovorax_sp._PMC12	0.00002
Variovorax_sp._PAMC_28711	0.00000
Ottowia_oryzae	0.00005
Ottowia_sp._oral_taxon_894	0.00003
Hydrogenophaga_sp._PBC	0.00004
Hydrogenophaga_sp._RAC07	0.00002
Hydrogenophaga_crassostreae	0.00001
Alicycliphilus_denitrificans	0.00004
Rhodoferax_ferrireducens	0.00002
Rhodoferax_koreense	0.00001
Rhodoferax_antarcticus	0.00000
Rhodoferax_saidenbachensis	0.00000
Melaminivora_sp._SC2-9	0.00002
Melaminivora_sp._SC2-7	0.00001
Comamonadaceae_bacterium_B1	0.00001
Comamonadaceae_bacterium_A1	0.00001
Ramlibacter_tataouinensis	0.00002
Polaromonas_naphthalenivorans	0.00001
Polaromonas_sp._JS666	0.00000
Limnohabitans_sp._63ED37-2	0.00001
Limnohabitans_sp._103DPR2	0.00000
Diaphorobacter_polyhydroxybutyrativorans	0.00003
Verminephrobacter_eiseniae	0.00001
Curvibacter_sp._AEP1-3	0.00000
Simplicispira_suum	0.00000
Achromobacter_xylosoxidans	0.00264
Achromobacter_denitrificans	0.00006
Achromobacter_spanius	0.00005
Achromobacter_sp._MFA1_R4	0.00003
Achromobacter_sp._B7	0.00001
Achromobacter_sp._AONIH1	0.00001
Achromobacter_insolitus	0.00000
Achromobacter_ruhlandii	0.00003
Bordetella_genomosp._13	0.00005
Bordetella_hinzii	0.00001
Bordetella_bronchiseptica	0.00003
Bordetella_bronchialis	0.00001
Bordetella_petrii	0.00001
Bordetella_trematum	0.00001
Bordetella_pseudohinzii	0.00001
Bordetella_sp._H567	0.00000
Bordetella_genomosp._8	0.00000
Bordetella_genomosp._6	0.00000
Bordetella_sp._HZ20	0.00000
Bordetella_sp._N	0.00000
Bordetella_genomosp._9	0.00000
Bordetella_holmesii	0.00000
Bordetella_avium	0.00000
Alcaligenes_faecalis	0.00001
Castellaniella_defragrans	0.00000
Advenella_kashmirensis	0.00000
Orrella_dioscoreae	0.00000
Burkholderia_cenocepacia	0.00024
Burkholderia_stagnalis	0.00006
Burkholderia_cepacia	0.00004
Burkholderia_lata	0.00002
Burkholderia_contaminans	0.00002
Burkholderia_sp._NRF60-BP8	0.00001
Burkholderia_multivorans	0.00001
Burkholderia_territorii	0.00001
Burkholderia_ambifaria	0.00001
[Pseudomonas]_mesoacidophila	0.00001
Burkholderia_sp._MSMB0856	0.00000
Burkholderia_seminalis	0.00000
Burkholderia_metallica	0.00000
Burkholderia_anthina	0.00000
Burkholderia_ubonensis	0.00000
Burkholderia_stabilis	0.00000
Burkholderia_pseudomallei	0.00005
Burkholderia_thailandensis	0.00001
Burkholderia_sp._BDU8	0.00000
Burkholderia_sp._Bp7605	0.00000
Burkholderia_sp._YI23	0.00001
Burkholderia_gladioli	0.00000
Burkholderia_sp._HB1	0.00001
Burkholderia_insecticola	0.00000
Burkholderia_sp._CCGE1003	0.00000
Burkholderia_plantarii	0.00001
Ralstonia_mannitolilytica	0.00011
Ralstonia_pickettii	0.00004
Ralstonia_insidiosa	0.00001
Ralstonia_solanacearum	0.00001
Cupriavidus_metallidurans	0.00004
Cupriavidus_taiwanensis	0.00003
Cupriavidus_basilensis	0.00001
Cupriavidus_gilardii	0.00001
Cupriavidus_sp._USMAA2-4	0.00003
Cupriavidus_nantongensis	0.00001
Cupriavidus_necator	0.00001
Cupriavidus_oxalaticus	0.00000
Cupriavidus_pinatubonensis	0.00000
Cupriavidus_sp._USMAHM13	0.00001
Paraburkholderia_phytofirmans	0.00003
Paraburkholderia_caledonica	0.00001
Paraburkholderia_caffeinilytica	0.00001
Paraburkholderia_sp._SOS3	0.00001
Paraburkholderia_xenovorans	0.00001
Paraburkholderia_caribensis	0.00001
Paraburkholderia_hospita	0.00001
Paraburkholderia_fungorum	0.00000
Paraburkholderia_terricola	0.00000
Paraburkholderia_rhizoxinica	0.00000
Paraburkholderia_sprentiae	0.00000
Pandoraea_apista	0.00001
Pandoraea_pulmonicola	0.00001
Pandoraea_norimbergensis	0.00000
Pandoraea_pnomenusa	0.00000
Pandoraea_faecigallinarum	0.00000
Paucimonas_lemoignei	0.00001
Polynucleobacter_difficilis	0.00000
Polynucleobacter_necessarius	0.00000
Hydromonas_sp._F02	0.00000
Massilia_timonae	0.00011
Massilia_putida	0.00004
Massilia_sp._WG5	0.00004
Massilia_armeniaca	0.00003
Massilia_sp._YMA4	0.00001
Massilia_sp._NR_4-1	0.00001
Massilia_violaceinigra	0.00000
Herbaspirillum_seropedicae	0.00001
Herbaspirillum_frisingense	0.00001
Herbaspirillum_hiltneri	0.00001
Herbaspirillum_rubrisubalbicans	0.00001
Herbaspirillum_sp._meg3	0.00000
Janthinobacterium_sp._LM6	0.00001
Janthinobacterium_agaricidamnosum	0.00000
Janthinobacterium_svalbardensis	0.00000
Janthinobacterium_sp._Marseille	0.00000
Janthinobacterium_sp._1_2014MBL_MicDiv	0.00000
Collimonas_fungivorans	0.00001
Collimonas_arenae	0.00001
Collimonas_pratensis	0.00000
Herminiimonas_arsenicoxydans	0.00000
Aquabacterium_olei	0.00008
Rubrivivax_gelatinosus	0.00006
Roseateles_depolymerans	0.00003
Mitsuaria_sp._7	0.00002
Rhizobacter_gummiphilus	0.00002
Leptothrix_cholodnii	0.00001
Thiomonas_intermedia	0.00001
Thiomonas_sp._X19	0.00000
Paucibacter_sp._KCTC_42545	0.00001
Methylibium_petroleiphilum	0.00001
Burkholderiales_bacterium_JOSHI_001	0.00003
[Polyangium]_brachysporum	0.00003
Sutterella_sp._6FBBBH3	0.00000
Neisseria_elongata	0.00087
Neisseria_subflava	0.00050
Neisseria_sicca	0.00081
Neisseria_mucosa	0.00077
Neisseria_meningitidis	0.00036
Neisseria_cinerea	0.00008
Neisseria_lactamica	0.00013
Neisseria_gonorrhoeae	0.00004
Neisseria_sp._KEM232	0.00003
Neisseria_sp._10023	0.00002
Neisseria_polysaccharea	0.00003
Neisseria_weaveri	0.00000
Neisseria_zoodegmatis	0.00000
Neisseria_sp._10022	0.00000
Eikenella_corrodens	0.00005
Vitreoscilla_filiformis	0.00001
Simonsiella_muelleri	0.00001
Kingella_kingae	0.00000
Crenobacter_sp._K1W11S-77	0.00000
Vogesella_sp._LIG4	0.00003
Chromobacterium_rhizoryzae	0.00001
Chromobacterium_violaceum	0.00001
Chromobacterium_vaccinii	0.00001
Jeongeupia_sp._USM3	0.00002
Laribacter_hongkongensis	0.00001
Aquitalea_magnusonii	0.00001
Pseudogulbenkiania_sp._NH8B	0.00001
Microvirgula_aerodenitrificans	0.00000
Thauera_sp._MZ1T	0.00002
Thauera_humireducens	0.00002
Thauera_aromatica	0.00001
Thauera_sp._K11	0.00001
Thauera_hydrothermalis	0.00002
Thauera_chlorobenzoica	0.00000
Azoarcus_sp._KH32C	0.00001
Azoarcus_sp._CIB	0.00001
Azoarcus_communis	0.00000
Azoarcus_olearius	0.00000
Azoarcus_sp._SY39	0.00000
Dechloromonas_aromatica	0.00002
Azospira_oryzae	0.00002
Aromatoleum_aromaticum	0.00000
Methylovorus_glucosotrophus	0.00003
Methylovorus_sp._MP688	0.00001
Methylophilus_sp._TWE2	0.00001
Methylobacillus_flagellatus	0.00000
Methylotenera_mobilis	0.00000
Nitrosospira_lacus	0.00001
Nitrosospira_multiformis	0.00000
Nitrosomonas_ureae	0.00000
Nitrosomonas_sp._Is79A3	0.00000
Methyloversatilis_sp._RAC08	0.00001
Sulfuritalea_hydrogenivorans	0.00000
Thiobacillus_denitrificans	0.00000
Betaproteobacteria_bacterium_GR16-43	0.00002
Candidatus_Kinetoplastibacterium_oncopeltii	0.00000
Candidatus_Accumulibacter_phosphatis	0.00000
Rhizobium_leguminosarum	0.00006
Rhizobium_sp._S41	0.00020
Rhizobium_sp._NT-26	0.00003
Rhizobium_sp._ACO-34A	0.00003
Rhizobium_sp._Y9	0.00010
Rhizobium_sp._IRBG74	0.00009
Rhizobium_tropici	0.00001
Rhizobium_sp._NXC24	0.00001
Rhizobium_etli	0.00004
Rhizobium_phaseoli	0.00002
Rhizobium_gallicum	0.00001
Rhizobium_sp._11515TR	0.00000
Rhizobium_favelukesii	0.00001
Rhizobium_sp._CIAT894	0.00000
Agrobacterium_tumefaciens	0.00025
Agrobacterium_fabrum	0.00002
Agrobacterium_sp._RAC06	0.00005
Agrobacterium_rhizogenes	0.00002
Agrobacterium_sp._H13-3	0.00002
Agrobacterium_vitis	0.00000
Neorhizobium_sp._SOG26	0.00001
Neorhizobium_galegae	0.00001
Neorhizobium_sp._NCHU2750	0.00001
Sinorhizobium_fredii	0.00007
Sinorhizobium_meliloti	0.00003
Sinorhizobium_sp._RAC02	0.00001
Sinorhizobium_americanum	0.00001
Sinorhizobium_medicae	0.00000
Ensifer_adhaerens	0.00007
Ensifer_sojae	0.00001
Shinella_sp._HZN7	0.00006
Methylobacterium_sp._17Sr1-43	0.00004
Methylobacterium_radiotolerans	0.00012
Methylobacterium_aquaticum	0.00003
Methylobacterium_sp._4-46	0.00003
Methylobacterium_currus	0.00003
Methylobacterium_sp._17SD2-17	0.00002
Methylobacterium_sp._17Sr1-28	0.00002
Methylobacterium_nodulans	0.00001
Methylobacterium_sp._DM1	0.00002
Methylobacterium_sp._C1	0.00004
Methylobacterium_sp._17Sr1-1	0.00001
Methylobacterium_phyllosphaerae	0.00002
Methylobacterium_sp._AMS5	0.00000
Methylobacterium_sp._XJLM	0.00002
Methylorubrum_populi	0.00007
Methylorubrum_extorquens	0.00010
Methylorubrum_zatmanii	0.00001
Microvirga_ossetica	0.00002
Microvirga_sp._17_mud_1-3	0.00000
Bradyrhizobium_sp._SK17	0.00015
Bradyrhizobium_sp._ORS_278	0.00002
Bradyrhizobium_erythrophlei	0.00001
Bradyrhizobium_japonicum	0.00004
Bradyrhizobium_sp._ORS_285	0.00001
Bradyrhizobium_sp._S23321	0.00001
Bradyrhizobium_sp._CCGE-LA001	0.00001
Bradyrhizobium_lablabi	0.00004
Bradyrhizobium_icense	0.00001
Bradyrhizobium_diazoefficiens	0.00001
Bradyrhizobium_sp._BTAi1	0.00001
Bradyrhizobium_sp._3_85S1MB	0.00001
Bradyrhizobium_ottawaense	0.00001
Bradyrhizobium_sp._2_39S1MB	0.00000
Bradyrhizobium_sp._WSM471	0.00001
Bradyrhizobium_oligotrophicum	0.00000
Bosea_sp._RAC05	0.00003
Bosea_sp._AS-1	0.00003
Bosea_sp._PAMC_26642	0.00002
Bosea_vaviloviae	0.00002
Rhodopseudomonas_palustris	0.00007
Variibacter_gotjawalensis	0.00001
Bradyrhizobiaceae_bacterium_SG-6C	0.00001
Nitrobacter_winogradskyi	0.00001
Nitrobacter_hamburgensis	0.00000
Oligotropha_carboxidovorans	0.00000
Afipia_sp._GAS231	0.00000
Mesorhizobium_australicum	0.00002
Mesorhizobium_oceanicum	0.00001
Mesorhizobium_sp._DCY119	0.00001
Mesorhizobium_japonicum	0.00001
Mesorhizobium_ciceri	0.00002
Mesorhizobium_amorphae	0.00001
Mesorhizobium_loti	0.00001
Mesorhizobium_huakuii	0.00001
Mesorhizobium_opportunistum	0.00001
Aminobacter_sp._MSH1	0.00002
Aminobacter_aminovorans	0.00001
Phyllobacterium_zundukense	0.00001
Chelativorans_sp._BNC1	0.00001
Hoeflea_sp._IMCC20628	0.00001
Nitratireductor_basaltis	0.00000
Ochrobactrum_anthropi	0.00015
Ochrobactrum_pituitosum	0.00002
Ochrobactrum_sp._A44	0.00001
Ochrobactrum_pseudogrignonense	0.00000
Brucella_sp._09RB8471	0.00000
Xanthobacter_autotrophicus	0.00004
Azorhizobium_caulinodans	0.00004
Starkeya_novella	0.00002
Pseudolabrys_taiwanensis	0.00001
Hyphomicrobium_denitrificans	0.00002
Hyphomicrobium_sp._MC1	0.00001
Hyphomicrobium_nitrativorans	0.00001
Devosia_sp._A16	0.00002
Devosia_sp._H5989	0.00001
Devosia_sp._I507	0.00000
Rhodoplanes_sp._Z2-YC6860	0.00001
Blastochloris_viridis	0.00001
Rhodomicrobium_vannielii	0.00000
Pelagibacterium_halotolerans	0.00000
Parvibaculum_lavamentivorans	0.00006
Candidatus_Phaeomarinobacter_ectocarpi	0.00001
Anderseniella_sp._Alg231-50	0.00000
Aureimonas_sp._AU20	0.00003
Martelella_mediterranea	0.00002
Martelella_endophytica	0.00001
Martelella_sp._AD-3	0.00000
Methyloceanibacter_caenitepidi	0.00001
Methyloceanibacter_sp._wino2	0.00001
Pseudorhodoplanes_sinuspersici	0.00002
Hartmannibacter_diazotrophicus	0.00001
Methylocystis_sp._SC2	0.00002
Methylocystis_bryophila	0.00000
Methylosinus_trichosporium	0.00001
Chelatococcus_daeguensis	0.00002
Chelatococcus_sp._CO-6	0.00001
Breoghania_sp._L-A4	0.00001
Cohaesibacter_sp._ES.047	0.00001
Methylocella_silvestris	0.00001
Bartonella_tribocorum	0.00000
Sphingomonas_melonis	0.00034
Sphingomonas_sp._NIC1	0.00019
Sphingomonas_sp._FARSPH	0.00007
Sphingomonas_sp._LK11	0.00006
Sphingomonas_taxi	0.00003
Sphingomonas_wittichii	0.00003
Sphingomonas_koreensis	0.00003
Sphingomonas_hengshuiensis	0.00002
Sphingomonas_indica	0.00002
Sphingomonas_sanxanigenens	0.00002
Sphingomonas_sp._Cra20	0.00001
Sphingomonas_sp._KC8	0.00001
Sphingomonas_panacis	0.00001
Sphingomonas_sp._LM7	0.00001
Sphingomonas_sp._MM-1	0.00001
Sphingomonas_sp._JJ-A5	0.00001
Sphingobium_yanoikuyae	0.00021
Sphingobium_sp._YG1	0.00006
Sphingobium_cloacae	0.00007
Sphingobium_hydrophobicum	0.00002
Sphingobium_sp._SYK-6	0.00001
Sphingobium_sp._RAC03	0.00001
Sphingobium_indicum	0.00002
Sphingobium_sp._YBL2	0.00001
Sphingobium_sp._TKS	0.00001
Sphingobium_japonicum	0.00001
Sphingobium_baderi	0.00001
Sphingobium_sp._SCG-1	0.00000
Sphingobium_chlorophenolicum	0.00000
Sphingobium_herbicidovorans	0.00000
Sphingobium_sp._MI1205	0.00000
Sphingobium_sp._EP60837	0.00000
Sphingopyxis_fribergensis	0.00003
Sphingopyxis_sp._FD7	0.00003
Sphingopyxis_macrogoltabida	0.00003
Sphingopyxis_sp._113P3	0.00002
Sphingopyxis_terrae	0.00001
Sphingopyxis_alaskensis	0.00001
Sphingopyxis_sp._EG6	0.00001
Sphingopyxis_sp._WS5A3p	0.00001
Sphingopyxis_sp._MG	0.00003
Sphingopyxis_granuli	0.00002
Sphingopyxis_sp._QXT-31	0.00000
Novosphingobium_resinovorum	0.00006
Novosphingobium_aromaticivorans	0.00003
Novosphingobium_sp._P6W	0.00003
Novosphingobium_pentaromativorans	0.00004
Novosphingobium_sp._THN1	0.00001
Novosphingobium_sp._PP1Y	0.00001
Rhizorhabdus_dicambivorans	0.00004
Citromicrobium_sp._JL477	0.00001
Blastomonas_fulva	0.00000
Blastomonas_sp._RAC04	0.00000
Sphingorhabdus_flavimaris	0.00000
Sphingorhabdus_sp._YGSMI21	0.00000
Zymomonas_mobilis	0.00001
Porphyrobacter_sp._CACIAM_03H1	0.00004
Porphyrobacter_sp._LM_6	0.00002
Porphyrobacter_HT-58-2	0.00002
Porphyrobacter_neustonensis	0.00001
Altererythrobacter_mangrovi	0.00002
Altererythrobacter_namhicola	0.00001
Altererythrobacter_dongtanensis	0.00001
Altererythrobacter_marensis	0.00001
Altererythrobacter_sp._ZODW24	0.00000
Altererythrobacter_epoxidivorans	0.00000
Altererythrobacter_ishigakiensis	0.00000
Altererythrobacter_atlanticus	0.00000
Altererythrobacter_sp._B11	0.00000
Erythrobacter_litoralis	0.00001
Erythrobacter_sp._YH-07	0.00001
Erythrobacter_atlanticus	0.00001
Erythrobacter_flavus	0.00001
Erythrobacter_seohaensis	0.00001
Erythrobacter_sp._HL-111	0.00001
Erythrobacter_gangjinensis	0.00000
Croceicoccus_marinus	0.00002
Croceicoccus_naphthovorans	0.00002
Paracoccus_yeei	0.00070
Paracoccus_contaminans	0.00012
Paracoccus_denitrificans	0.00012
Paracoccus_aminovorans	0.00011
Paracoccus_zhejiangensis	0.00008
Paracoccus_sp._CBA4604	0.00004
Paracoccus_sp._BM15	0.00002
Paracoccus_aminophilus	0.00002
Paracoccus_mutanolyticus	0.00005
Paracoccus_sp._SC2-6	0.00001
Rhodobacter_sphaeroides	0.00006
Rhodobacter_sp._CZR27	0.00004
Rhodobacter_sp._LPB0142	0.00002
Rhodobacter_capsulatus	0.00000
Pannonibacter_phragmitetus	0.00008
Sulfitobacter_sp._AM1-D1	0.00002
Sulfitobacter_pseudonitzschiae	0.00001
Sulfitobacter_sp._SK012	0.00000
Sulfitobacter_sp._SK025	0.00000
Sulfitobacter_sp._JL08	0.00000
Defluviimonas_alba	0.00003
Rhodobacteraceae_bacterium_QY30	0.00003
Rhodovulum_sulfidophilum	0.00001
Rhodovulum_sp._MB263	0.00001
Rhodovulum_sp._P5	0.00000
Celeribacter_indicus	0.00002
Celeribacter_manganoxidans	0.00001
Celeribacter_ethanolicus	0.00000
Pelagibaca_abyssi	0.00003
Ruegeria_pomeroyi	0.00001
Ruegeria_sp._AD91A	0.00000
Ruegeria_sp._TM1040	0.00000
Salipiger_profundus	0.00003
Phaeobacter_inhibens	0.00001
Phaeobacter_gallaeciensis	0.00000
Phaeobacter_piscinae	0.00000
Phaeobacter_porticola	0.00000
Yangia_pacifica	0.00001
Yangia_sp._CCB-MM3	0.00001
Thalassococcus_sp._SH-1	0.00002
Thioclava_nitratireducens	0.00002
Roseibacterium_elongatum	0.00001
Ketogulonicigenium_vulgare	0.00001
Ketogulonicigenium_robustum	0.00001
Sagittula_sp._P11	0.00002
Labrenzia_aggregata	0.00001
Labrenzia_sp._VG12	0.00000
Confluentimicrobium_sp._EMB200-NS6	0.00002
Yoonia_vestfoldensis	0.00001
Roseobacter_litoralis	0.00001
Roseobacter_denitrificans	0.00000
Gemmobacter_sp._HYN0069	0.00001
Dinoroseobacter_shibae	0.00001
Leisingera_methylohalidivorans	0.00001
Brevirhabdus_pacifica	0.00001
Stappia_sp._ES.058	0.00001
Antarctobacter_heliothermus	0.00001
Tateyamaria_omphalii	0.00001
Octadecabacter_temperatus	0.00000
Octadecabacter_antarcticus	0.00000
Roseovarius_mucosus	0.00001
Rhodobaca_barguzinensis	0.00000
Marinovum_algicola	0.00001
Epibacterium_mobile	0.00001
Hyphomonas_sp._Mor2	0.00000
Hyphomonas_sp._CACIAM_19H1	0.00000
Maricaulis_maris	0.00000
Brevundimonas_vesicularis	0.00019
Brevundimonas_diminuta	0.00009
Brevundimonas_sp._DS20	0.00009
Brevundimonas_sp._GW460-12-10-14-LB2	0.00010
Brevundimonas_naejangsanensis	0.00003
Brevundimonas_sp._LM2	0.00002
Brevundimonas_subvibrioides	0.00001
Caulobacter_segnis	0.00005
Caulobacter_vibrioides	0.00002
Caulobacter_sp._K31	0.00002
Caulobacter_mirabilis	0.00000
Phenylobacterium_zucineum	0.00002
Phenylobacterium_sp._HYN0004	0.00001
Asticcacaulis_excentricus	0.00002
Roseomonas_sp._FDAARGOS_362	0.00020
Roseomonas_gilardii	0.00008
Acetobacter_oryzifermentans	0.00002
Acetobacter_persici	0.00000
Acidiphilium_cryptum	0.00001
Acidiphilium_multivorum	0.00001
Gluconobacter_oxydans	0.00001
Gluconacetobacter_diazotrophicus	0.00001
Asaia_bogorensis	0.00001
Komagataeibacter_nataicola	0.00001
Acidisphaera_sp._G45-3	0.00000
Granulibacter_bethesdensis	0.00000
Neoasaia_chiangmaiensis	0.00000
Azospirillum_brasilense	0.00002
Azospirillum_lipoferum	0.00002
Azospirillum_thiophilum	0.00001
Azospirillum_sp._TSH58	0.00001
Azospirillum_sp._M2T2B2	0.00000
Magnetospirillum_gryphiswaldense	0.00043
Magnetospirillum_sp._XM-1	0.00001
Magnetospirillum_magneticum	0.00000
Magnetospirillum_sp._ME-1	0.00000
Rhodospirillaceae_bacterium_SCSIO_08040	0.00002
Niveispirillum_cyanobacteriorum	0.00001
Thalassospira_xiamenensis	0.00001
Thalassospira_marina	0.00000
Tistrella_mobilis	0.00001
Rhodospirillum_centenum	0.00001
Pararhodospirillum_photometricum	0.00001
Haematospirillum_jordaniae	0.00001
Magnetospira_sp._QH-2	0.00000
Nitrospirillum_amazonense	0.00000
Polymorphum_gilvum	0.00001
Phreatobacter_cathodiphilus	0.00001
Micavibrio_aeruginosavorus	0.00000
alpha_proteobacterium_HIMB5	0.00000
Myxococcus_xanthus	0.00001
Myxococcus_fulvus	0.00000
Myxococcus_stipitatus	0.00000
Corallococcus_coralloides	0.00001
Melittangium_boletus	0.00001
Cystobacter_fuscus	0.00001
Archangium_gephyra	0.00000
Stigmatella_aurantiaca	0.00000
Anaeromyxobacter_dehalogenans	0.00000
Anaeromyxobacter_sp._Fw109-5	0.00000
Vulgatibacter_incomptus	0.00000
Sandaracinus_amylolyticus	0.00001
Sorangium_cellulosum	0.00001
Desulfovibrio_desulfuricans	0.00000
Desulfovibrio_magneticus	0.00001
Desulfovibrio_africanus	0.00000
Desulfovibrio_vulgaris	0.00000
Desulfovibrio_piger	0.00000
Desulfovibrio_alaskensis	0.00000
Desulfovibrio_hydrothermalis	0.00000
Pseudodesulfovibrio_aespoeensis	0.00000
Pseudodesulfovibrio_profundus	0.00000
Desulfomicrobium_orale	0.00002
Geobacter_bemidjiensis	0.00001
Geobacter_anodireducens	0.00001
Geobacter_pickeringii	0.00000
Geobacter_sp._M21	0.00000
Desulfuromonas_sp._DDH964	0.00000
Desulfatibacillum_alkenivorans	0.00000
Desulfococcus_oleovorans	0.00000
Desulfobacter_postgatei	0.00000
Desulfobulbus_sp._ORNL	0.00000
Syntrophobacter_fumaroxidans	0.00000
Bradymonas_sediminis	0.00000
Campylobacter_concisus	0.00005
Campylobacter_gracilis	0.00002
Campylobacter_jejuni	0.00000
Campylobacter_iguaniorum	0.00000
Campylobacter_avium	0.00000
Sulfurospirillum_multivorans	0.00000
Sulfurospirillum_cavolei	0.00000
Aliiarcobacter_skirrowii	0.00000
Helicobacter_sp._MIT_01-6242	0.00000
Sulfurovum_lithotrophicum	0.00000
Bdellovibrio_bacteriovorus	0.00001
Bdellovibrio_exovorus	0.00001
Bacteriovorax_stolpii	0.00000
Hydrogenophilus_thermoluteolus	0.00002
Mariprofundus_aestuarium	0.00000
Acidithiobacillus_ferrivorans	0.00000
Prevotella_melaninogenica	0.00147
Prevotella_intermedia	0.00056
Prevotella_denticola	0.00029
Prevotella_jejuni	0.00019
Prevotella_sp._oral_taxon_299	0.00012
Prevotella_scopos	0.00009
Prevotella_fusca	0.00003
Prevotella_dentalis	0.00003
Prevotella_enoeca	0.00003
Prevotella_ruminicola	0.00000
Porphyromonas_gingivalis	0.00026
Porphyromonas_asaccharolytica	0.00005
Petrimonas_mucosa	0.00000
Tannerella_sp._oral_taxon_HOT-286	0.00010
Tannerella_forsythia	0.00004
Parabacteroides_sp._CT06	0.00001
Bacteroides_vulgatus	0.00002
Bacteroides_fragilis	0.00002
Bacteroides_thetaiotaomicron	0.00001
Bacteroides_dorei	0.00001
Bacteroides_heparinolyticus	0.00001
Bacteroides_cellulosilyticus	0.00001
Bacteroides_helcogenes	0.00001
Bacteroides_caccae	0.00000
Bacteroides_caecimuris	0.00000
Bacteroides_ovatus	0.00000
Bacteroides_zoogleoformans	0.00000
Bacteroides_salanitronis	0.00000
Muribaculum_intestinale	0.00002
Alistipes_finegoldii	0.00000
Alistipes_shahii	0.00000
Mucinivorans_hirudinis	0.00000
Odoribacter_splanchnicus	0.00000
Barnesiella_viscericola	0.00000
Capnocytophaga_gingivalis	0.00016
Capnocytophaga_leadbetteri	0.00014
Capnocytophaga_sputigena	0.00014
Capnocytophaga_sp._ChDC_OS43	0.00003
Capnocytophaga_ochracea	0.00003
Capnocytophaga_sp._oral_taxon_323	0.00002
Capnocytophaga_sp._oral_taxon_878	0.00001
Capnocytophaga_haemolytica	0.00000
Capnocytophaga_sp._oral_taxon_864	0.00000
Chryseobacterium_sp._StRB126	0.00007
Chryseobacterium_indologenes	0.00005
Chryseobacterium_gallinarum	0.00002
Chryseobacterium_taklimakanense	0.00001
Chryseobacterium_camelliae	0.00001
Chryseobacterium_sp._IHB_B_17019	0.00001
Chryseobacterium_sp._T16E-39	0.00001
Chryseobacterium_piperi	0.00000
Chryseobacterium_glaciei	0.00000
Flavobacterium_sp._CJ74	0.00001
Flavobacterium_columnare	0.00000
Flavobacterium_sp._HYN0086	0.00000
Flavobacterium_sp._HYN0049	0.00000
Flavobacterium_sp._MEBiC07310	0.00000
Flavobacterium_johnsoniae	0.00000
Elizabethkingia_miricola	0.00000
Elizabethkingia_anophelis	0.00000
Elizabethkingia_bruuniana	0.00000
Elizabethkingia_ursingii	0.00000
Polaribacter_reichenbachii	0.00000
Polaribacter_sp._KT25b	0.00000
Polaribacter_sp._ALD11	0.00000
Weeksella_virosa	0.00000
Dokdonia_sp._Dokd-P16	0.00000
Olleya_aquimaris	0.00000
Winogradskyella_sp._J14-2	0.00000
Lutibacter_profundi	0.00000
Kordia_sp._SMS9	0.00000
Arenibacter_algicola	0.00000
Tenacibaculum_jejuense	0.00000
Cellulophaga_baltica	0.00000
Psychroflexus_torquis	0.00000
Flavobacteriaceae_bacterium_UJ101	0.00000
Fluviicola_taffensis	0.00001
Blattabacterium_sp._(Blatta_orientalis)	0.00000
Hymenobacter_sp._APR13	0.00002
Hymenobacter_nivis	0.00001
Hymenobacter_sp._sh-6	0.00000
Hymenobacter_sp._DG25A	0.00000
Hymenobacter_sedentarius	0.00000
Hymenobacter_swuensis	0.00000
Hymenobacter_sp._PAMC_26628	0.00000
Rufibacter_sp._DG31D	0.00000
Rufibacter_tibetensis	0.00000
Pontibacter_actiniarum	0.00000
Spirosoma_rigui	0.00001
Spirosoma_pollinicola	0.00001
Spirosoma_montaniterrae	0.00000
Spirosoma_radiotolerans	0.00000
Fibrella_aestuarina	0.00001
Cytophaga_hutchinsonii	0.00000
Algoriphagus_sp._M8-2	0.00000
Aquiflexum_balticum	0.00000
Flammeovirgaceae_bacterium_311	0.00000
Marivirga_tractuosa	0.00000
Chryseolinea_sp._KIS68-18	0.00000
Cardinium_endosymbiont_of_Sogatella_furcifera	0.00000
Sphingobacterium_sp._G1-14	0.00001
Sphingobacterium_mizutaii	0.00000
Sphingobacterium_sp._B29	0.00000
Pedobacter_heparinus	0.00000
Pedobacter_ginsengisoli	0.00000
Pedobacter_steynii	0.00000
Mucilaginibacter_sp._PAMC_26640	0.00000
Solitalea_canadensis	0.00000
Pseudopedobacter_saltans	0.00000
Rhodothermus_marinus	0.00000
Haliscomenobacter_hydrossis	0.00001
Flavisolibacter_tropicus	0.00000
Chlorobaculum_parvum	0.00001
Chlorobaculum_tepidum	0.00000
Gemmatirosa_kalamazoonesis	0.00003
Gemmatimonas_aurantiaca	0.00000
Akkermansia_muciniphila	0.00087
Verrucomicrobium_sp._GAS474	0.00000
Lacunisphaera_limnophila	0.00001
Ereboglobus_luteus	0.00001
Opitutus_terrae	0.00000
Opitutus_sp._GAS368	0.00000
Opitutaceae_bacterium_TAV5	0.00000
Coraliomargarita_akajimensis	0.00000
Verrucomicrobia_bacterium	0.00000
Methylacidiphilum_infernorum	0.00000
Gemmata_obscuriglobus	0.00001
Gemmata_sp._SH-PL17	0.00001
Planctomyces_sp._SH-PL62	0.00000
Planctomyces_sp._SH-PL14	0.00000
Rhodopirellula_baltica	0.00000
Fuerstia_marisgermanicae	0.00000
Planctopirus_limnophila	0.00000
Paludisphaera_borealis	0.00000
Phycisphaera_mikurensis	0.00000
Victivallales_bacterium_CCUG_44730	0.00000
Treponema_sp._OMZ_838	0.00006
Treponema_denticola	0.00001
Treponema_succinifaciens	0.00000
Sphaerochaeta_globosa	0.00000
Sphaerochaeta_pleomorpha	0.00000
Brachyspira_hampsonii	0.00000
Leptospira_borgpetersenii	0.00000
Fusobacterium_periodonticum	0.00003
Fusobacterium_nucleatum	0.00001
Leptotrichia_sp._oral_taxon_212	0.00002
Leptotrichia_sp._oral_taxon_498	0.00001
Leptotrichia_buccalis	0.00000
Streptobacillus_moniliformis	0.00000
Candidatus_Saccharibacteria_oral_taxon_TM7x	0.00002
Luteitalea_pratensis	0.00000
Terriglobus_roseus	0.00000
Chloracidobacterium_thermophilum	0.00000
Fervidobacterium_pennivorans	0.00000
Nitrospira_moscoviensis	0.00000
Sulfurihydrogenibium_azorense	0.00000
Homo_sapiens	0.00783
Haloterrigena_turkmenica	0.00000
Haloterrigena_daqingensis	0.00000
Halobiforma_lacisalsi	0.00001
Halostagnicola_larsenii	0.00001
Natrialba_magadii	0.00000
Halobacterium_salinarum	0.00000
Halanaeroarchaeum_sulfurireducens	0.00001
Halalkalicoccus_jeotgali	0.00000
Haloarcula_taiwanensis	0.00000
Halopenitus_persicus	0.00000
Halohasta_litchfieldiae	0.00000
Haloquadratum_walsbyi	0.00000
Methanoculleus_bourgensis	0.00000
Methanoregula_formicica	0.00000
Methanomethylovorans_hollandica	0.00000
Candidatus_Methanomethylophilus_alvus	0.00000
Thermococcus_gammatolerans	0.00000
Geoglobus_ahangari	0.00000
Pyrodictium_delaneyi	0.00000
Candidatus_Nitrosotenuis_cloacae	0.00000
Propionibacterium_phage_PHL116	0.00015
Propionibacterium_phage_PHL070	0.00012
Propionibacterium_phage_PHL009	0.00019
Propionibacterium_phage_PHL085	0.00011
Propionibacterium_phage_BruceLethal	0.00008
Propionibacterium_phage_PHL171	0.00005
Propionibacterium_phage_QueenBey	0.00004
Propionibacterium_phage_PHL010M04	0.00003
Propionibacterium_phage_Enoki	0.00004
Propionibacterium_phage_PHL152	0.00002
Propionibacterium_phage_PHL030	0.00003
Propionibacterium_phage_PHL092	0.00002
Propionibacterium_phage_PHL067M10	0.00002
Propionibacterium_phage_PHL199	0.00001
Propionibacterium_phage_PHL141	0.00003
Propionibacterium_phage_PHL132	0.00003
Propionibacterium_phage_PHL082	0.00003
Propionibacterium_phage_PHL150	0.00002
Propionibacterium_phage_PHL301	0.00001
Propionibacterium_phage_PHL041	0.00001
Propionibacterium_phage_PAC1	0.00001
Propionibacterium_phage_PA1-14	0.00001
Propionibacterium_phage_Moyashi	0.00001
Propionibacterium_phage_PHL025	0.00001
Propionibacterium_virus_ATCC29399BT	0.00011
Propionibacterium_virus_PHL114L00	0.00005
Propionibacterium_virus_Ouroboros	0.00005
Propionibacterium_virus_PHL112N00	0.00007
Propionibacterium_virus_PAD20	0.00006
Propionibacterium_virus_Pirate	0.00005
Propionibacterium_virus_PHL111M01	0.00005
Propionibacterium_virus_P100A	0.00002
Propionibacterium_virus_Solid	0.00004
Propionibacterium_virus_Wizzo	0.00003
Propionibacterium_virus_P1.1	0.00004
Propionibacterium_virus_Pacnes201215	0.00002
Propionibacterium_virus_Lauchelly	0.00002
Propionibacterium_virus_Stormborn	0.00002
Propionibacterium_virus_Kubed	0.00002
Propionibacterium_virus_PHL071N05	0.00002
Propionibacterium_virus_P91	0.00002
Propionibacterium_virus_P101A	0.00002
Propionibacterium_virus_P104A	0.00001
Propionibacterium_virus_PA6	0.00001
Propionibacterium_virus_PHL113M01	0.00001
Propionibacterium_virus_P144	0.00000
Propionibacterium_virus_PAS50	0.00001
Propionibacterium_virus_SKKY	0.00001
Staphylococcus_virus_IPLA5	0.00001
Staphylococcus_virus_CNPH82	0.00001
Staphylococcus_phage_StB12	0.00000
Staphylococcus_virus_IPLA7	0.00001
Staphylococcus_virus_PH15	0.00001
Staphylococcus_phage_StB20	0.00001
Staphylococcus_phage_StB20-like	0.00000
Streptococcus_phage_phiARI0004	0.00002
Streptococcus_phage_YMC-2011	0.00000
Klebsiella_virus_KLPN1	0.00000
Rhodococcus_virus_Poco6	0.00000
Lactococcus_phage_jm3	0.00000
Mycobacterium_phage_SweetiePie	0.00000
Streptococcus_phage_EJ-1	0.00003
Acinetobacter_phage_YMC13/03/R2096	0.00001
Klebsiella_phage_vB_KpnM_KB57	0.00000
Bacillus_phage_AR9	0.00000
Cronobacter_virus_GAP31	0.00001
Escherichia_virus_4MG	0.00000
Escherichia_virus_ep3	0.00000
Erwinia_phage_vB_EamM_Kwan	0.00000
Escherichia_phage_vB_EcoP_GA2A	0.00001
Enterobacteria_phage_J8-65	0.00000
Klebsiella_virus_KP34	0.00000
Salmonella_phage_7-11	0.00000
Pseudomonas_virus_F116	0.00000
Klebsiella_phage_0507-KN2-1	0.00000
Aurantimonas_phage_AmM-1	0.00000
Betapapillomavirus_1	0.00002
Sclerotinia_sclerotiorum_botybirnavirus_1	0.00000
