Cutibacterium_acnes	0.13610
Cutibacterium_granulosum	0.00139
Cutibacterium_avidum	0.00050
Propionibacterium_sp._oral_taxon_193	0.00927
Propionibacterium_freudenreichii	0.00035
Pseudopropionibacterium_propionicum	0.00382
Propionimicrobium_sp._Marseille-P3275	0.00248
Tessaracoccus_sp._Marseille-P5995	0.00021
Tessaracoccus_sp._T2.5-30	0.00018
Tessaracoccus_flavescens	0.00014
Tessaracoccus_aquimaris	0.00009
Tessaracoccus_flavus	0.00010
Acidipropionibacterium_virtanenii	0.00012
Acidipropionibacterium_acidipropionici	0.00009
Microlunatus_phosphovorus	0.00007
Microlunatus_soli	0.00006
Auraticoccus_monumenti	0.00006
Marmoricola_scoriae	0.00083
Nocardioides_sp._JS614	0.00017
Nocardioides_dokdonensis	0.00018
Nocardioides_sp._78	0.00016
Nocardioides_sp._CF8	0.00006
Aeromicrobium_erythreum	0.00011
Aeromicrobium_marinum	0.00010
Aeromicrobium_choanae	0.00009
Aeromicrobium_sp._592	0.00008
Aeromicrobium_sp._A1-2	0.00002
Pimelobacter_simplex	0.00032
Friedmanniella_sagamiharensis	0.00010
Friedmanniella_luteola	0.00006
Micropruina_glycogenica	0.00012
Kribbella_flavida	0.00009
Actinopolymorpha_singaporensis	0.00004
Micrococcus_luteus	0.06206
Kocuria_palustris	0.01134
Kocuria_sp._BT304	0.00730
Kocuria_rhizophila	0.00670
Kocuria_turfanensis	0.00140
Kocuria_flava	0.00129
Rothia_mucilaginosa	0.00303
Rothia_dentocariosa	0.00243
Arthrobacter_sp._U41	0.00018
Arthrobacter_sp._YC-RL1	0.00014
Arthrobacter_sp._FB24	0.00012
Arthrobacter_sp._YN	0.00012
Arthrobacter_alpinus	0.00008
Arthrobacter_sp._PAMC_25486	0.00008
Arthrobacter_sp._PGP41	0.00009
Arthrobacter_sp._DCT5	0.00008
Arthrobacter_sp._ERGS1:01	0.00007
Arthrobacter_crystallopoietes	0.00004
Arthrobacter_sp._QXT-31	0.00004
Arthrobacter_sp._ZXY-2	0.00005
Pseudarthrobacter_phenanthrenivorans	0.00035
Pseudarthrobacter_chlorophenolicus	0.00010
Pseudarthrobacter_sulfonivorans	0.00009
Pseudarthrobacter_equi	0.00006
Neomicrococcus_aestuarii	0.00033
Sinomonas_atrocyanea	0.00021
Glutamicibacter_arilaitensis	0.00017
Auritidibacter_sp._NML130574	0.00009
Psychromicrobium_lacuslunae	0.00007
Zhihengliuella_sp._ISTPL4	0.00005
Renibacterium_salmoninarum	0.00001
Microbacterium_aurum	0.00109
Microbacterium_hominis	0.00023
Microbacterium_chocolatum	0.00019
Microbacterium_foliorum	0.00020
Microbacterium_sp._No._7	0.00021
Microbacterium_sp._BH-3-3-3	0.00018
Microbacterium_sp._LKL04	0.00012
Microbacterium_paludicola	0.00010
Microbacterium_pygmaeum	0.00009
Microbacterium_sp._PAMC_28756	0.00012
Microbacterium_sp._XT11	0.00006
Microbacterium_sp._PM5	0.00006
Microbacterium_paraoxydans	0.00021
Microbacterium_testaceum	0.00004
Microbacterium_sp._TPU_3598	0.00003
Microbacterium_sp._CGR1	0.00004
Microbacterium_sp._str._'China'	0.00005
Leifsonia_xyli	0.00022
Leifsonia_sp._21MFCrub1.1	0.00008
Curtobacterium_sp._MR_MD2014	0.00007
Curtobacterium_sp._BH-2-1-1	0.00010
Curtobacterium_pusillum	0.00002
Agrococcus_carbonis	0.00017
Agrococcus_jejuensis	0.00004
Cryobacterium_sp._LW097	0.00008
Cryobacterium_arcticum	0.00005
Cryobacterium_sp._GCJ02	0.00005
Agromyces_flavus	0.00009
Agromyces_aureus	0.00005
Agromyces_sp._30A	0.00003
Microcella_alkaliphila	0.00016
Clavibacter_michiganensis	0.00016
Microterricola_viridarii	0.00014
Frondihabitans_sp._PAMC_28766	0.00006
Frondihabitans_sp._762G35	0.00004
Rathayibacter_tritici	0.00008
Salinibacterium_sp._CGMCC_1.16371	0.00005
Candidatus_Rhodoluna_planktonica	0.00002
Rhodoluna_lacicola	0.00001
Candidatus_Aquiluna_sp._UB-MaderosW2red	0.00001
Mycetocola_sp._CGMCC_1.16372	0.00004
Pontimonas_salivibrio	0.00003
Janibacter_indicus	0.00214
Intrasporangium_calvum	0.00016
Serinicoccus_sp._JLT9	0.00012
Arsenicicoccus_sp._oral_taxon_190	0.00011
Ornithinimicrobium_sp._AMA3305	0.00006
Phycicoccus_dokdonensis	0.00004
Brachybacterium_saurashtrense	0.00021
Brachybacterium_ginsengisoli	0.00018
Brachybacterium_faecium	0.00017
Brachybacterium_sp._P6-10-X1	0.00013
Brachybacterium_sp._VR2415	0.00018
Brachybacterium_sp._VM2412	0.00004
Dermabacter_vaginalis	0.00021
Devriesea_agamarum	0.00002
Dermacoccus_nishinomiyaensis	0.00065
Kytococcus_sedentarius	0.00039
Luteipulveratus_mongoliensis	0.00010
Isoptericola_dokdonensis	0.00013
Isoptericola_variabilis	0.00007
Cellulosimicrobium_cellulans	0.00008
Cellulosimicrobium_sp._TH-20	0.00008
Xylanimonas_cellulosilytica	0.00010
Brevibacterium_linens	0.00033
Brevibacterium_siliguriense	0.00004
Brevibacterium_sandarakinum	0.00003
Cellulomonas_gilvus	0.00010
Cellulomonas_fimi	0.00008
Cellulomonas_sp._PSBB021	0.00007
Cellulomonas_flavigena	0.00001
Paraoerskovia_marina	0.00006
Miniimonas_sp._S16	0.00015
Beutenbergia_cavernae	0.00005
Austwickia_chelonae	0.00005
Dermatophilus_congolensis	0.00003
Sanguibacter_keddieii	0.00009
Jonesia_denitrificans	0.00004
Corynebacterium_jeikeium	0.00653
Corynebacterium_striatum	0.00380
Corynebacterium_atypicum	0.00221
Corynebacterium_simulans	0.00231
Corynebacterium_singulare	0.00184
Corynebacterium_aurimucosum	0.00148
Corynebacterium_ureicelerivorans	0.00109
Corynebacterium_diphtheriae	0.00154
Corynebacterium_minutissimum	0.00098
Corynebacterium_glaucum	0.00087
Corynebacterium_camporealensis	0.00086
Corynebacterium_sp._ATCC_6931	0.00130
Corynebacterium_resistens	0.00083
Corynebacterium_flavescens	0.00069
Corynebacterium_sp._NML98-0116	0.00059
Corynebacterium_vitaeruminis	0.00055
Corynebacterium_riegelii	0.00053
Corynebacterium_imitans	0.00060
Corynebacterium_urealyticum	0.00084
Corynebacterium_efficiens	0.00038
Corynebacterium_humireducens	0.00038
Corynebacterium_phocae	0.00032
Corynebacterium_genitalium	0.00033
Corynebacterium_argentoratense	0.00031
Corynebacterium_marinum	0.00036
Corynebacterium_doosanense	0.00032
Corynebacterium_testudinoris	0.00029
Corynebacterium_timonense	0.00030
Corynebacterium_uterequi	0.00029
Corynebacterium_halotolerans	0.00029
Corynebacterium_frankenforstense	0.00029
Corynebacterium_sp._2183	0.00026
Corynebacterium_kroppenstedtii	0.00023
Corynebacterium_mycetoides	0.00027
Corynebacterium_casei	0.00021
Corynebacterium_stationis	0.00022
Corynebacterium_sp._2184	0.00020
Corynebacterium_cystitidis	0.00017
Corynebacterium_maris	0.00019
Corynebacterium_callunae	0.00021
Corynebacterium_ammoniagenes	0.00019
Corynebacterium_terpenotabidum	0.00019
Corynebacterium_falsenii	0.00017
Corynebacterium_aquilae	0.00016
Corynebacterium_provencense	0.00015
Corynebacterium_epidermidicanis	0.00015
Corynebacterium_variabile	0.00017
Corynebacterium_glutamicum	0.00174
Corynebacterium_lactis	0.00014
Corynebacterium_renale	0.00012
Corynebacterium_deserti	0.00014
Corynebacterium_ulcerans	0.00013
Corynebacterium_mustelae	0.00007
Corynebacterium_pseudotuberculosis	0.00005
Corynebacterium_kutscheri	0.00005
Corynebacterium_crudilactis	0.00008
Corynebacterium_glyciniphilum	0.00004
Corynebacterium_sphenisci	0.00004
Mycobacterium_dioxanotrophicus	0.00040
Mycobacterium_avium	0.00025
Mycobacterium_colombiense	0.00008
Mycobacterium_marseillense	0.00007
Mycobacterium_chimaera	0.00010
Mycobacterium_simiae	0.00011
Mycobacterium_shigaense	0.00002
Mycobacterium_sp._djl-10	0.00013
Mycobacterium_sp._YC-RL4	0.00015
Mycobacterium_sp._MS1601	0.00010
Mycobacterium_sp._EPa45	0.00009
Mycobacterium_kansasii	0.00007
Mycobacterium_sp._JS623	0.00007
Mycobacterium_sp._PYR15	0.00009
Mycobacterium_tuberculosis	0.00033
Mycobacterium_canettii	0.00001
Mycobacterium_sp._QIA-37	0.00026
Mycobacterium_haemophilum	0.00001
Mycobacterium_sp._WY10	0.00002
Mycobacterium_sp._VKM_Ac-1817D	0.00009
Mycobacterium_sp._KMS	0.00034
Mycobacterium_sp._JLS	0.00003
Mycobacterium_marinum	0.00002
Mycolicibacterium_chubuense	0.00028
Mycolicibacterium_gilvum	0.00037
Mycolicibacterium_phlei	0.00025
Mycolicibacterium_smegmatis	0.00023
Mycolicibacterium_vaccae	0.00018
Mycolicibacterium_litorale	0.00017
Mycolicibacterium_rhodesiae	0.00016
Mycolicibacterium_aurum	0.00015
Mycolicibacterium_thermoresistibile	0.00015
Mycolicibacterium_vanbaalenii	0.00017
Mycolicibacterium_goodii	0.00014
Mycolicibacterium_rutilum	0.00006
Mycolicibacterium_fortuitum	0.00018
Mycobacteroides_abscessus	0.00043
Mycobacteroides_immunogenum	0.00004
Mycobacteroides_saopaulense	0.00004
Mycobacteroides_chelonae	0.00008
[Mycobacterium]_stephanolepidis	0.00002
Mycolicibacter_sinensis	0.00008
Mycolicibacter_terrae	0.00005
Hoyosella_subflava	0.00002
Rhodococcus_sp._PBTS_1	0.00020
Rhodococcus_hoagii	0.00017
Rhodococcus_pyridinivorans	0.00062
Rhodococcus_sp._B7740	0.00011
Rhodococcus_coprophilus	0.00010
Rhodococcus_ruber	0.00009
Rhodococcus_sp._MTM3W5.2	0.00008
Rhodococcus_rhodochrous	0.00006
Rhodococcus_sp._S2-17	0.00005
Rhodococcus_opacus	0.00006
Rhodococcus_sp._WMMA185	0.00002
Rhodococcus_sp._PBTS_2	0.00004
Rhodococcus_aetherivorans	0.00005
Rhodococcus_jostii	0.00001
Rhodococcus_sp._008	0.00004
Rhodococcus_sp._BH4	0.00005
Nocardia_farcinica	0.00019
Nocardia_soli	0.00014
Nocardia_terpenica	0.00011
Nocardia_brasiliensis	0.00009
Nocardia_cyriacigeorgica	0.00010
Nocardia_seriolae	0.00005
Nocardia_nova	0.00001
Gordonia_bronchialis	0.00030
Gordonia_terrae	0.00015
Gordonia_sp._1D	0.00011
Gordonia_rubripertincta	0.00009
Gordonia_sp._KTR9	0.00008
Gordonia_iterans	0.00008
Gordonia_polyisoprenivorans	0.00005
Gordonia_phthalatica	0.00006
Gordonia_sp._YC-JH1	0.00008
Lawsonella_clevelandensis	0.00058
Dietzia_sp._oral_taxon_368	0.00020
Dietzia_lutea	0.00015
Dietzia_psychralcaliphila	0.00008
Dietzia_sp._JS16-p6b	0.00008
Dietzia_timorensis	0.00010
Tsukamurella_tyrosinosolvens	0.00035
Segniliparus_rotundus	0.00008
Mobiluncus_curtisii	0.01026
Actinotignum_schaalii	0.00690
Actinotignum_sp._313	0.00016
Actinomyces_oris	0.00178
Actinomyces_radingae	0.00132
Actinomyces_hongkongensis	0.00052
Actinomyces_meyeri	0.00042
Actinomyces_pacaensis	0.00028
Actinomyces_sp._oral_taxon_414	0.00026
Actinomyces_radicidentis	0.00018
Actinomyces_sp._2129	0.00016
Actinomyces_sp._oral_taxon_897	0.00014
Actinomyces_sp._VUL4_3	0.00006
Actinomyces_sp._Chiba101	0.00008
Actinomyces_gaoshouyii	0.00008
Actinomyces_sp._Z16	0.00005
Arcanobacterium_haemolyticum	0.00027
Arcanobacterium_phocae	0.00012
Trueperella_pyogenes	0.00034
Gardnerella_vaginalis	0.00376
Bifidobacterium_bifidum	0.00018
Bifidobacterium_longum	0.00014
Bifidobacterium_pseudocatenulatum	0.00012
Bifidobacterium_animalis	0.00183
Bifidobacterium_breve	0.00007
Bifidobacterium_scardovii	0.00005
Bifidobacterium_angulatum	0.00004
Bifidobacterium_asteroides	0.00003
Bifidobacterium_thermophilum	0.00004
Bifidobacterium_adolescentis	0.00002
Bifidobacterium_actinocoloniiforme	0.00001
Bifidobacterium_dentium	0.00001
Bifidobacterium_catenulatum	0.00002
Streptomyces_pactum	0.00013
Streptomyces_lividans	0.00134
Streptomyces_sp._2323.1	0.00010
Streptomyces_chartreusis	0.00010
Streptomyces_peucetius	0.00009
Streptomyces_bingchenggensis	0.00007
Streptomyces_sp._GSSD-12	0.00007
Streptomyces_formicae	0.00006
Streptomyces_gilvosporeus	0.00006
Streptomyces_sp._769	0.00007
Streptomyces_niveus	0.00006
Streptomyces_qaidamensis	0.00006
Streptomyces_albulus	0.00006
Streptomyces_sp._ETH9427	0.00007
Streptomyces_griseus	0.00004
Streptomyces_anulatus	0.00001
Streptomyces_sp._CNQ-509	0.00005
Streptomyces_davaonensis	0.00005
Streptomyces_sp._TN58	0.00005
Streptomyces_globosus	0.00005
Streptomyces_pluripotens	0.00005
Streptomyces_sp._NEAU-S7GS2	0.00005
Streptomyces_sp._3211	0.00007
Streptomyces_hygroscopicus	0.00009
Streptomyces_nodosus	0.00004
Streptomyces_dengpaensis	0.00004
Streptomyces_reticuli	0.00004
Streptomyces_sp._SCSIO_03032	0.00004
Streptomyces_sp._CdTB01	0.00004
Streptomyces_sp._RTd22	0.00004
Streptomyces_xinghaiensis	0.00004
Streptomyces_olivoreticuli	0.00004
Streptomyces_sp._Tue_6075	0.00005
Streptomyces_sp._WAC00288	0.00004
Streptomyces_xiamenensis	0.00004
Streptomyces_venezuelae	0.00004
Streptomyces_lydicus	0.00004
Streptomyces_avermitilis	0.00004
Streptomyces_vietnamensis	0.00003
Streptomyces_lincolnensis	0.00003
Streptomyces_sp._Mg1	0.00003
Streptomyces_sp._SirexAA-E	0.00003
Streptomyces_clavuligerus	0.00002
Streptomyces_scabiei	0.00002
Streptomyces_puniciscabiei	0.00003
Streptomyces_parvulus	0.00003
Streptomyces_lunaelactis	0.00002
Streptomyces_violaceusniger	0.00003
Streptomyces_noursei	0.00003
Streptomyces_leeuwenhoekii	0.00003
Streptomyces_griseochromogenes	0.00002
Streptomyces_sp._MOE7	0.00004
Streptomyces_albus	0.00003
Streptomyces_cyaneogriseus	0.00003
Streptomyces_atratus	0.00002
Streptomyces_alboflavus	0.00002
Streptomyces_pristinaespiralis	0.00003
Streptomyces_sp._CCM_MD2014	0.00001
Streptomyces_ambofaciens	0.00002
Streptomyces_sp._ZFG47	0.00001
Streptomyces_spongiicola	0.00001
Streptomyces_sp._SM18	0.00001
Streptomyces_sp._4F	0.00001
Streptomyces_sp._fd1-xmd	0.00001
Streptomyces_sp._11-1-2	0.00002
Streptomyces_sp._TLI_053	0.00001
Streptomyces_sp._3214.6	0.00001
Streptomyces_roseochromogenus	0.00001
Streptomyces_collinus	0.00001
Streptomyces_cattleya	0.00001
Streptomyces_griseorubiginosus	0.00001
Streptomyces_fulvissimus	0.00002
Streptomyces_katrae	0.00001
Streptomyces_albireticuli	0.00001
Streptomyces_violaceoruber	0.00001
Streptomyces_sp._FR-008	0.00004
Streptomyces_lavendulae	0.00001
Streptomyces_glaucescens	0.00001
Streptomyces_antibioticus	0.00001
Kitasatospora_sp._MMS16-BH015	0.00012
Kitasatospora_aureofaciens	0.00007
Kitasatospora_setae	0.00001
Streptacidiphilus_sp._DSM_106435	0.00001
Amycolatopsis_mediterranei	0.00016
Amycolatopsis_orientalis	0.00014
Amycolatopsis_albispora	0.00010
Amycolatopsis_methanolica	0.00007
Amycolatopsis_japonica	0.00007
Amycolatopsis_sp._AA4	0.00004
Amycolatopsis_keratiniphila	0.00002
Amycolatopsis_sp._BJA-103	0.00001
Pseudonocardia_dioxanivorans	0.00014
Pseudonocardia_sp._AL041005-10	0.00014
Pseudonocardia_sp._HH130630-07	0.00011
Pseudonocardia_sp._HH130629-09	0.00010
Actinoalloteichus_sp._AHMU_CJ021	0.00020
Actinoalloteichus_hoggarensis	0.00011
Saccharomonospora_marina	0.00011
Saccharomonospora_viridis	0.00008
Saccharomonospora_glauca	0.00005
Saccharomonospora_cyanea	0.00003
Saccharopolyspora_erythraea	0.00014
Kutzneria_albida	0.00010
Kibdelosporangium_phytohabitans	0.00009
Saccharothrix_espanaensis	0.00009
Prauserella_marina	0.00008
Actinosynnema_pretiosum	0.00007
Alloactinosynnema_sp._L-07	0.00008
Lentzea_guizhouensis	0.00006
Allokutzneria_albata	0.00006
Micromonospora_echinaurantiaca	0.00009
Micromonospora_viridifaciens	0.00006
Micromonospora_sp._B006	0.00006
Micromonospora_sp._WMMA2032	0.00006
Micromonospora_krabiensis	0.00005
Micromonospora_siamensis	0.00006
Micromonospora_coriariae	0.00004
Micromonospora_rifamycinica	0.00004
Micromonospora_echinofusca	0.00003
Micromonospora_zamorensis	0.00003
Micromonospora_echinospora	0.00003
Micromonospora_purpureochromogenes	0.00001
Micromonospora_auratinigra	0.00001
Micromonospora_narathiwatensis	0.00001
Micromonospora_aurantiaca	0.00009
Actinoplanes_sp._N902-109	0.00014
Actinoplanes_derwentensis	0.00011
Actinoplanes_missouriensis	0.00009
Plantactinospora_sp._KBS50	0.00011
Salinispora_tropica	0.00003
Salinispora_arenicola	0.00003
Verrucosispora_maris	0.00003
Nocardiopsis_dassonvillei	0.00009
Nocardiopsis_alba	0.00006
Nocardiopsis_gilva	0.00006
Thermobifida_fusca	0.00002
Streptosporangium_roseum	0.00009
Streptosporangium_sp._'caverna'	0.00002
Nonomuraea_sp._ATCC_55076	0.00006
Actinomadura_amylolytica	0.00012
Thermomonospora_curvata	0.00005
Geodermatophilus_obscurus	0.00023
Blastococcus_saxobsidens	0.00015
Modestobacter_marinus	0.00008
Frankia_inefficax	0.00008
Frankia_sp._EAN1pec	0.00006
Frankia_symbiont_of_Datisca_glomerata	0.00006
Frankia_sp._QA3	0.00006
Frankia_alni	0.00004
Frankia_casuarinae	0.00002
Jatrophihabitans_sp._GAS493	0.00002
Frankineae_bacterium_MT45	0.00004
Jiangella_sp._DSM_45060	0.00013
Jiangella_alkaliphila	0.00004
Nakamurella_multipartita	0.00011
Nakamurella_panacisegetis	0.00001
Catenulispora_acidiphila	0.00011
Actinopolyspora_erythraea	0.00008
Kineococcus_radiotolerans	0.00006
Candidatus_Planktophila_lacus	0.00001
Candidatus_Planktophila_dulcis	0.00002
Candidatus_Nanopelagicus_hibericus	0.00001
Thermobispora_bispora	0.00005
Stackebrandtia_nassauensis	0.00005
Acidothermus_cellulolyticus	0.00004
Olsenella_umbonata	0.00049
Olsenella_sp._Marseille-P2300	0.00043
Olsenella_sp._oral_taxon_807	0.00015
Olsenella_uli	0.00008
Atopobium_parvulum	0.00058
Libanicoccus_massiliensis	0.00012
Collinsella_aerofaciens	0.00010
Coriobacterium_glomerans	0.00001
Coriobacteriaceae_bacterium_68-1-3	0.00001
Eggerthella_sp._YY7918	0.00006
Eggerthella_lenta	0.00001
Slackia_heliotrinireducens	0.00005
Gordonibacter_massiliensis	0.00004
Adlercreutzia_equolifaciens	0.00001
Rubrobacter_indioceani	0.00006
Rubrobacter_radiotolerans	0.00005
Rubrobacter_xylanophilus	0.00005
Conexibacter_woesei	0.00009
Euzebya_sp._DY32-46	0.00003
Actinobacteria_bacterium_IMCC26077	0.00001
Staphylococcus_epidermidis	0.08017
Staphylococcus_capitis	0.02886
Staphylococcus_aureus	0.04229
Staphylococcus_hominis	0.00840
Staphylococcus_sp._M0911	0.00513
Staphylococcus_saprophyticus	0.00406
Staphylococcus_haemolyticus	0.00354
Staphylococcus_warneri	0.00411
Staphylococcus_cohnii	0.00194
Staphylococcus_condimenti	0.00092
Staphylococcus_pasteuri	0.00084
Staphylococcus_lugdunensis	0.00051
Staphylococcus_simulans	0.00018
Staphylococcus_succinus	0.00016
Staphylococcus_argenteus	0.00015
Staphylococcus_kloosii	0.00012
Staphylococcus_xylosus	0.00009
Staphylococcus_nepalensis	0.00009
Staphylococcus_carnosus	0.00009
Staphylococcus_auricularis	0.00008
Staphylococcus_felis	0.00005
Staphylococcus_pettenkoferi	0.00005
Staphylococcus_sp._AntiMn-1	0.00018
Staphylococcus_equorum	0.00004
Staphylococcus_simiae	0.00003
Staphylococcus_stepanovicii	0.00003
Staphylococcus_sciuri	0.00002
Staphylococcus_piscifermentans	0.00001
Staphylococcus_schleiferi	0.00001
Staphylococcus_pseudintermedius	0.00001
Staphylococcus_muscae	0.00001
Staphylococcus_agnetis	0.00001
Staphylococcus_hyicus	0.00001
Bacillus_cereus	0.00071
Bacillus_thuringiensis	0.00003
Bacillus_megaterium	0.00016
Bacillus_paralicheniformis	0.00003
Bacillus_subtilis	0.00004
Bacillus_sonorensis	0.00001
Bacillus_simplex	0.00005
Bacillus_sp._FJAT-18017	0.00003
Bacillus_sp._FJAT-22090	0.00003
Bacillus_coagulans	0.00003
Bacillus_sp._FJAT-45348	0.00003
Bacillus_sp._X1(2014)	0.00003
Bacillus_sp._MD-5	0.00004
Bacillus_sp._OxB-1	0.00001
Bacillus_butanolivorans	0.00001
Bacillus_pumilus	0.00002
Bacillus_flexus	0.00001
Anoxybacillus_flavithermus	0.00007
Anoxybacillus_amylolyticus	0.00001
Lysinibacillus_sphaericus	0.00008
Virgibacillus_phasianinus	0.00003
Virgibacillus_necropolis	0.00001
Virgibacillus_sp._SK37	0.00001
Virgibacillus_sp._6R	0.00001
Fictibacillus_arsenicus	0.00005
Geobacillus_sp._WCH70	0.00004
Lentibacillus_amyloliquefaciens	0.00001
Gemella_morbillorum	0.00060
Gemella_sp._ND_6198	0.00037
Gemella_sp._oral_taxon_928	0.00005
Exiguobacterium_sp._MH3	0.00003
Exiguobacterium_sp._U13-1	0.00004
Paenibacillus_ihbetae	0.00007
Paenibacillus_swuensis	0.00004
Paenibacillus_sp._FSL_R7-0331	0.00004
Paenibacillus_sabinae	0.00003
Paenibacillus_larvae	0.00001
Paenibacillus_durus	0.00001
Paenibacillus_sp._RUD330	0.00001
Paenibacillus_beijingensis	0.00001
Paenibacillus_stellifer	0.00001
Aneurinibacillus_sp._XH2	0.00001
Solibacillus_sp._R5-41	0.00010
Sporosarcina_ureae	0.00003
Sporosarcina_psychrophila	0.00001
Sporosarcina_sp._PTS2304	0.00001
Planococcus_versutus	0.00002
Planococcus_sp._PAMC_21323	0.00002
Jeotgalibacillus_malaysiensis	0.00003
Listeria_monocytogenes	0.00004
Listeria_ivanovii	0.00001
Listeria_innocua	0.00001
Brochothrix_thermosphacta	0.00001
Tumebacillus_avium	0.00003
Alicyclobacillus_acidocaldarius	0.00001
Streptococcus_mitis	0.01180
Streptococcus_pneumoniae	0.00847
Streptococcus_salivarius	0.00490
Streptococcus_oralis	0.00334
Streptococcus_sanguinis	0.00191
Streptococcus_parasanguinis	0.00155
Streptococcus_pseudopneumoniae	0.00158
Streptococcus_sp._oral_taxon_431	0.00102
Streptococcus_gordonii	0.00107
Streptococcus_sp._A12	0.00076
Streptococcus_pyogenes	0.00127
Streptococcus_sp._NPS_308	0.00066
Streptococcus_thermophilus	0.00072
Streptococcus_anginosus	0.00101
Streptococcus_intermedius	0.00009
Streptococcus_constellatus	0.00003
Streptococcus_agalactiae	0.00131
Streptococcus_sp._oral_taxon_064	0.00056
Streptococcus_equinus	0.00060
Streptococcus_dysgalactiae	0.00133
Streptococcus_equi	0.00004
Streptococcus_sp._FDAARGOS_192	0.00040
Streptococcus_australis	0.00027
Streptococcus_cristatus	0.00029
Streptococcus_suis	0.00031
Streptococcus_mutans	0.00012
Streptococcus_sp._I-P16	0.00014
Streptococcus_pasteurianus	0.00009
Streptococcus_acidominimus	0.00007
Streptococcus_gallolyticus	0.00013
Streptococcus_parauberis	0.00004
Streptococcus_marmotae	0.00002
Streptococcus_sobrinus	0.00003
Streptococcus_sp._I-G2	0.00004
Streptococcus_halotolerans	0.00001
Streptococcus_pluranimalium	0.00001
Streptococcus_himalayensis	0.00001
Streptococcus_ruminantium	0.00001
Streptococcus_respiraculi	0.00001
Streptococcus_merionis	0.00001
Streptococcus_infantarius	0.00006
Streptococcus_porcinus	0.00001
Lactococcus_lactis	0.00067
Lactococcus_piscium	0.00003
Lactococcus_garvieae	0.00001
Aerococcus_urinaeequi	0.00201
Aerococcus_viridans	0.00189
Aerococcus_urinae	0.00026
Aerococcus_christensenii	0.00018
Aerococcaceae_bacterium_ZY16052	0.00001
Lactobacillus_casei	0.00031
Lactobacillus_acidophilus	0.00005
Lactobacillus_johnsonii	0.00006
Lactobacillus_plantarum	0.00007
Lactobacillus_reuteri	0.00004
Lactobacillus_curieae	0.00004
Lactobacillus_ruminis	0.00003
Lactobacillus_farciminis	0.00002
Lactobacillus_amylophilus	0.00003
Lactobacillus_lindneri	0.00003
Lactobacillus_mucosae	0.00003
Lactobacillus_delbrueckii	0.00006
Lactobacillus_hokkaidonensis	0.00001
Lactobacillus_crispatus	0.00001
Lactobacillus_jensenii	0.00001
Lactobacillus_sanfranciscensis	0.00001
Lactobacillus_apis	0.00001
Lactobacillus_salivarius	0.00001
Lactobacillus_brevis	0.00001
Lactobacillus_coryniformis	0.00001
Lactobacillus_helveticus	0.00002
Lactobacillus_acetotolerans	0.00001
Lactobacillus_sakei	0.00001
Lactobacillus_pentosus	0.00001
Enterococcus_faecalis	0.00029
Enterococcus_faecium	0.00009
Enterococcus_thailandicus	0.00004
Enterococcus_wangshanyuanii	0.00004
Enterococcus_durans	0.00003
Enterococcus_hirae	0.00002
Enterococcus_mundtii	0.00001
Enterococcus_gilvus	0.00001
Vagococcus_teuberi	0.00004
Vagococcus_penaei	0.00004
Weissella_paramesenteroides	0.00010
Weissella_jogaejeotgali	0.00004
Weissella_cibaria	0.00003
Leuconostoc_gelidum	0.00002
Leuconostoc_garlicum	0.00007
Leuconostoc_citreum	0.00001
Carnobacterium_divergens	0.00004
Carnobacterium_sp._17-4	0.00001
Jeotgalibaca_dankookensis	0.00003
Finegoldia_magna	0.04850
Anaerococcus_mediterraneensis	0.00125
Anaerococcus_prevotii	0.00070
Parvimonas_micra	0.00076
Murdochiella_vaginalis	0.00019
Peptoniphilus_sp._ING2-D1G	0.00009
[Clostridium]_ultunense	0.00005
Ezakiella_massiliensis	0.00194
Clostridium_botulinum	0.00011
Clostridium_butyricum	0.00008
Clostridium_sp._BNL1100	0.00008
Clostridium_perfringens	0.00006
Clostridium_sp._DL-VIII	0.00005
Clostridium_formicaceticum	0.00005
Clostridium_saccharobutylicum	0.00004
Clostridium_isatidis	0.00004
Clostridium_beijerinckii	0.00008
Clostridium_chauvoei	0.00004
Clostridium_saccharoperbutylacetonicum	0.00004
Clostridium_septicum	0.00003
Clostridium_sporogenes	0.00011
Clostridium_tetani	0.00002
Clostridium_novyi	0.00003
Clostridium_carboxidivorans	0.00003
Clostridium_autoethanogenum	0.00007
Clostridium_estertheticum	0.00001
Clostridium_kluyveri	0.00001
Clostridium_bornimense	0.00001
Clostridium_pasteurianum	0.00001
Clostridium_acetobutylicum	0.00001
Alkaliphilus_oremlandii	0.00001
Peptostreptococcaceae_bacterium_oral_taxon_929	0.00088
Clostridioides_difficile	0.00040
Filifactor_alocis	0.00009
Peptoclostridium_acidaminophilum	0.00002
Paeniclostridium_sordellii	0.00001
Mageeibacillus_indolicus	0.00058
Fastidiosipila_sanguinis	0.00025
Ruminiclostridium_cellulolyticum	0.00002
Hungateiclostridium_thermocellum	0.00001
Lachnospiraceae_bacterium_oral_taxon_500	0.00008
Lachnospiraceae_bacterium_GAM79	0.00007
Lachnospiraceae_bacterium_Choco86	0.00001
Lachnoanaerobaculum_umeaense	0.00008
Herbinix_luporum	0.00008
[Clostridium]_bolteae	0.00005
Anaerotignum_propionicum	0.00004
Butyrivibrio_hungatei	0.00002
Blautia_hansenii	0.00003
Anaerostipes_hadrus	0.00001
Dehalobacterium_formicoaceticum	0.00007
Desulfosporosinus_orientis	0.00002
Desulfosporosinus_acidiphilus	0.00002
Desulfosporosinus_youngiae	0.00001
Desulfofarcimen_acetoxidans	0.00002
Thermincola_potens	0.00001
Faecalibacterium_prausnitzii	0.00011
Ruminococcus_albus	0.00001
Ruminococcus_champanellensis	0.00001
Ethanoligenens_harbinense	0.00002
Flavonifractor_plautii	0.00002
Mogibacterium_diversum	0.00010
Mogibacterium_pumilum	0.00005
Thermaerobacter_marianensis	0.00001
Eubacterium_limosum	0.00007
[Eubacterium]_eligens	0.00002
[Eubacterium]_hallii	0.00001
Symbiobacterium_thermophilum	0.00004
Heliobacterium_modesticaldum	0.00003
Oscillibacter_sp._PEA192	0.00003
Christensenella_massiliensis	0.00001
Tepidanaerobacter_acetatoxydans	0.00002
Thermosediminibacter_oceani	0.00001
Mahella_australiensis	0.00002
Veillonella_parvula	0.00129
Veillonella_rodentium	0.00008
Dialister_sp._Marseille-P5638	0.00023
Dialister_pneumosintes	0.00008
Megasphaera_stantonii	0.00013
Megasphaera_elsdenii	0.00004
Negativicoccus_massiliensis	0.00010
Selenomonas_sp._oral_taxon_920	0.00011
Selenomonas_ruminantium	0.00006
Selenomonas_sp._oral_taxon_136	0.00006
Selenomonas_sp._oral_taxon_126	0.00004
Selenomonas_sputigena	0.00002
Selenomonas_sp._oral_taxon_478	0.00001
Megamonas_hypermegale	0.00001
Pelosinus_fermentans	0.00002
Pelosinus_sp._UFO1	0.00002
Acidaminococcus_fermentans	0.00005
Erysipelothrix_rhusiopathiae	0.00009
Ndongobacter_massiliensis	0.00007
Deinococcus_wulumuqiensis	0.00064
Deinococcus_ficus	0.00047
Deinococcus_actinosclerus	0.00061
Deinococcus_radiodurans	0.00034
Deinococcus_sp._NW-56	0.00029
Deinococcus_gobiensis	0.00020
Deinococcus_swuensis	0.00019
Deinococcus_geothermalis	0.00014
Deinococcus_deserti	0.00011
Deinococcus_maricopensis	0.00009
Deinococcus_proteolyticus	0.00008
Deinococcus_peraridilitoris	0.00007
Deinococcus_soli_Cha_et_al._2016	0.00015
Deinococcus_irradiatisoli	0.00006
Deinococcus_puniceus	0.00005
Truepera_radiovictrix	0.00005
Thermus_scotoductus	0.00002
Thermus_parvatiensis	0.00005
Thermus_sp._CCB_US3_UF1	0.00002
Thermus_aquaticus	0.00001
Calothrix_sp._NIES-2100	0.00005
Calothrix_sp._NIES-4101	0.00003
Calothrix_brevissima	0.00002
Rivularia_sp._PCC_7116	0.00002
Nostoc_sp._'Lobaria_pulmonaria_(5183)_cyanobiont'	0.00003
Nostoc_linckia	0.00001
Nostoc_sp._PCC_7107	0.00002
Nostoc_carneum	0.00004
Nostoc_sphaeroides	0.00002
Cylindrospermum_stagnale	0.00001
Scytonema_sp._HK-05	0.00003
Fischerella_sp._NIES-4106	0.00001
Synechococcus_sp._NIES-970	0.00003
Synechococcus_sp._SynAce01	0.00001
Synechococcus_sp._WH_7803	0.00001
Synechococcus_sp._PCC_7502	0.00001
Synechococcus_sp._KORDI-49	0.00001
Synechococcus_sp._JA-2-3B'a(2-13)	0.00001
Cyanobium_sp._NIES-981	0.00006
Chamaesiphon_minutus	0.00002
Leptolyngbya_sp._PCC_7376	0.00001
Leptolyngbya_sp._O-77	0.00001
Prochlorococcus_marinus	0.00001
Halomicronema_hongdechloris	0.00001
Chondrocystis_sp._NIES-4102	0.00004
Gloeocapsa_sp._PCC_7428	0.00001
Geminocystis_sp._NIES-3708	0.00001
Cyanobacterium_aponinum	0.00003
Arthrospira_sp._PCC_8005	0.00006
Oscillatoria_acuminata	0.00001
Oscillatoria_nigro-viridis	0.00001
Oscillatoriales_cyanobacterium_JSC-12	0.00001
Chroococcidiopsis_thermalis	0.00002
Stanieria_cyanosphaera	0.00001
Gloeobacter_kilaueensis	0.00001
Mycoplasma_putrefaciens	0.00006
Mycoplasma_agalactiae	0.00006
Mycoplasma_parvum	0.00003
Mycoplasma_bovis	0.00004
Mycoplasma_bovigenitalium	0.00003
Mycoplasma_gallisepticum	0.00002
Mycoplasma_suis	0.00002
Mycoplasma_canis	0.00001
Mycoplasma_anatis	0.00001
Mycoplasma_penetrans	0.00001
Mycoplasma_hyorhinis	0.00001
Ureaplasma_parvum	0.00001
Spiroplasma_eriocheiris	0.00002
Spiroplasma_phoeniceum	0.00002
Spiroplasma_chrysopicola	0.00001
Candidatus_Phytoplasma_australiense	0.00002
Tenericutes_bacterium_MZ-XQ	0.00008
Tenericutes_bacterium_MO-XQ	0.00002
Candidatus_Izimaplasma_sp._HR1	0.00001
Thermomicrobium_roseum	0.00002
Chloroflexus_aggregans	0.00001
Anaerolineaceae_bacterium_oral_taxon_439	0.00001
Fimbriimonas_ginsengisoli	0.00001
Achromobacter_xylosoxidans	0.07204
Achromobacter_denitrificans	0.00061
Achromobacter_spanius	0.00035
Achromobacter_sp._AONIH1	0.00036
Achromobacter_insolitus	0.00016
Achromobacter_sp._MFA1_R4	0.00011
Achromobacter_sp._B7	0.00011
Achromobacter_ruhlandii	0.00006
Bordetella_sp._N	0.00009
Bordetella_genomosp._8	0.00008
Bordetella_bronchialis	0.00007
Bordetella_sp._HZ20	0.00005
Bordetella_petrii	0.00006
Bordetella_sp._H567	0.00002
Bordetella_holmesii	0.00002
Bordetella_trematum	0.00002
Bordetella_genomosp._13	0.00003
Bordetella_pseudohinzii	0.00003
Bordetella_hinzii	0.00001
Bordetella_flabilis	0.00001
Bordetella_bronchiseptica	0.00011
Bordetella_genomosp._9	0.00001
Alcaligenes_faecalis	0.00006
Castellaniella_defragrans	0.00006
Orrella_dioscoreae	0.00006
Oligella_urethralis	0.00001
Acidovorax_sp._T1	0.00100
Acidovorax_carolinensis	0.00029
Acidovorax_ebreus	0.00046
Acidovorax_sp._KKS102	0.00012
Acidovorax_sp._RAC01	0.00014
Acidovorax_sp._JS42	0.00042
Acidovorax_avenae	0.00010
Acidovorax_citrulli	0.00005
Acidovorax_cattleyae	0.00001
Variovorax_paradoxus	0.00027
Variovorax_sp._PMC12	0.00012
Variovorax_sp._PAMC_28711	0.00005
Variovorax_boronicumulans	0.00003
Variovorax_sp._HW608	0.00002
Comamonas_aquatica	0.00020
Comamonas_testosteroni	0.00018
Comamonas_kerstersii	0.00004
Comamonas_serinivorans	0.00002
Delftia_tsuruhatensis	0.00012
Delftia_acidovorans	0.00021
Delftia_sp._HK171	0.00008
Delftia_sp._Cs1-4	0.00004
Ramlibacter_tataouinensis	0.00031
Ottowia_oryzae	0.00017
Ottowia_sp._oral_taxon_894	0.00010
Hydrogenophaga_sp._PBC	0.00016
Hydrogenophaga_sp._RAC07	0.00006
Hydrogenophaga_crassostreae	0.00002
Rhodoferax_ferrireducens	0.00007
Rhodoferax_koreense	0.00007
Rhodoferax_saidenbachensis	0.00004
Limnohabitans_sp._63ED37-2	0.00006
Limnohabitans_sp._103DPR2	0.00003
Melaminivora_sp._SC2-7	0.00005
Melaminivora_sp._SC2-9	0.00005
Alicycliphilus_denitrificans	0.00011
Diaphorobacter_polyhydroxybutyrativorans	0.00025
Simplicispira_suum	0.00008
Polaromonas_naphthalenivorans	0.00004
Polaromonas_sp._JS666	0.00003
Comamonadaceae_bacterium_A1	0.00002
Candidatus_Symbiobacter_mobilis	0.00002
Curvibacter_sp._AEP1-3	0.00001
Burkholderia_cenocepacia	0.00023
Burkholderia_seminalis	0.00006
Burkholderia_contaminans	0.00006
Burkholderia_multivorans	0.00003
Burkholderia_ambifaria	0.00004
[Pseudomonas]_mesoacidophila	0.00004
Burkholderia_pyrrocinia	0.00002
Burkholderia_sp._NRF60-BP8	0.00002
Burkholderia_lata	0.00002
Burkholderia_ubonensis	0.00002
Burkholderia_gladioli	0.00007
Burkholderia_pseudomallei	0.00003
Burkholderia_thailandensis	0.00002
Burkholderia_sp._BDU6	0.00002
Burkholderia_sp._OLGA172	0.00004
Burkholderia_sp._JP2-270	0.00004
Burkholderia_sp._PAMC_26561	0.00004
Burkholderia_sp._CCGE1002	0.00001
Burkholderia_glumae	0.00006
Cupriavidus_metallidurans	0.00022
Cupriavidus_taiwanensis	0.00031
Cupriavidus_basilensis	0.00005
Cupriavidus_necator	0.00008
Cupriavidus_gilardii	0.00005
Cupriavidus_pinatubonensis	0.00003
Cupriavidus_oxalaticus	0.00002
Cupriavidus_nantongensis	0.00006
Ralstonia_pickettii	0.00065
Ralstonia_insidiosa	0.00011
Ralstonia_solanacearum	0.00011
Ralstonia_mannitolilytica	0.00007
Paraburkholderia_caribensis	0.00012
Paraburkholderia_xenovorans	0.00011
Paraburkholderia_phytofirmans	0.00006
Paraburkholderia_sprentiae	0.00004
Paraburkholderia_graminis	0.00008
Paraburkholderia_sp._SOS3	0.00002
Paraburkholderia_aromaticivorans	0.00003
Paraburkholderia_fungorum	0.00001
Paraburkholderia_terricola	0.00001
Paraburkholderia_hospita	0.00001
Paraburkholderia_terrae	0.00001
Paraburkholderia_rhizoxinica	0.00001
Paraburkholderia_caffeinilytica	0.00001
Pandoraea_apista	0.00005
Pandoraea_pnomenusa	0.00003
Pandoraea_pulmonicola	0.00003
Pandoraea_sputorum	0.00003
Pandoraea_vervacti	0.00003
Pandoraea_norimbergensis	0.00001
Pandoraea_faecigallinarum	0.00001
Polynucleobacter_necessarius	0.00003
Polynucleobacter_acidiphobus	0.00001
Hydromonas_sp._F02	0.00005
Paucimonas_lemoignei	0.00003
Leptothrix_cholodnii	0.00022
Thiomonas_intermedia	0.00009
Thiomonas_sp._X19	0.00007
Rhizobacter_gummiphilus	0.00017
Aquabacterium_olei	0.00009
Rubrivivax_gelatinosus	0.00008
Mitsuaria_sp._7	0.00008
Methylibium_petroleiphilum	0.00008
Paucibacter_sp._KCTC_42545	0.00005
Roseateles_depolymerans	0.00003
Burkholderiales_bacterium_JOSHI_001	0.00007
Burkholderiales_bacterium_GJ-E10	0.00007
[Polyangium]_brachysporum	0.00006
Massilia_timonae	0.00018
Massilia_putida	0.00009
Massilia_sp._WG5	0.00006
Massilia_sp._YMA4	0.00004
Massilia_sp._NR_4-1	0.00003
Massilia_violaceinigra	0.00002
Massilia_armeniaca	0.00002
Janthinobacterium_sp._Marseille	0.00007
Janthinobacterium_agaricidamnosum	0.00004
Janthinobacterium_svalbardensis	0.00007
Janthinobacterium_sp._1_2014MBL_MicDiv	0.00002
Collimonas_pratensis	0.00008
Collimonas_arenae	0.00005
Collimonas_fungivorans	0.00002
Herbaspirillum_frisingense	0.00005
Herbaspirillum_seropedicae	0.00002
Herbaspirillum_rubrisubalbicans	0.00001
Herbaspirillum_sp._meg3	0.00001
Sutterella_sp._6FBBBH3	0.00004
Neisseria_elongata	0.00220
Neisseria_subflava	0.00164
Neisseria_sicca	0.00275
Neisseria_mucosa	0.00160
Neisseria_meningitidis	0.00109
Neisseria_cinerea	0.00034
Neisseria_sp._KEM232	0.00020
Neisseria_lactamica	0.00031
Neisseria_polysaccharea	0.00019
Neisseria_sp._10023	0.00010
Neisseria_gonorrhoeae	0.00010
Neisseria_weaveri	0.00008
Neisseria_zoodegmatis	0.00005
Neisseria_sp._10022	0.00002
Eikenella_corrodens	0.00054
Kingella_kingae	0.00007
Vitreoscilla_filiformis	0.00002
Vitreoscilla_sp._C1	0.00001
Snodgrassella_alvi	0.00003
Crenobacter_sp._K1W11S-77	0.00001
Chromobacterium_sp._ATCC_53434	0.00010
Chromobacterium_rhizoryzae	0.00005
Chromobacterium_vaccinii	0.00004
Vogesella_sp._LIG4	0.00010
Laribacter_hongkongensis	0.00004
Aquitalea_magnusonii	0.00003
Jeongeupia_sp._USM3	0.00003
Aquaspirillum_sp._LM1	0.00001
Microvirgula_aerodenitrificans	0.00001
Thauera_sp._MZ1T	0.00007
Thauera_hydrothermalis	0.00007
Thauera_aromatica	0.00005
Thauera_chlorobenzoica	0.00002
Thauera_humireducens	0.00001
Azoarcus_sp._SY39	0.00006
Azoarcus_sp._CIB	0.00006
Azoarcus_communis	0.00003
Azoarcus_sp._KH32C	0.00002
Zoogloeaceae_bacteirum_Par-f-2	0.00002
Azospira_oryzae	0.00001
Aromatoleum_aromaticum	0.00001
Dechloromonas_aromatica	0.00001
Dechloromonas_sp._HYN0024	0.00001
Methylophilus_sp._TWE2	0.00004
Methylobacillus_flagellatus	0.00003
Candidatus_Methylopumilus_planktonicus	0.00001
Nitrosomonas_communis	0.00002
Nitrosomonas_sp._AL212	0.00001
Nitrosomonas_sp._Is79A3	0.00001
Nitrosospira_briensis	0.00001
Gallionella_capsiferriformans	0.00001
Sideroxydans_lithotrophicus	0.00001
Sulfuriferula_sp._AH1	0.00001
Thiobacillus_denitrificans	0.00001
Betaproteobacteria_bacterium_GR16-43	0.00006
Candidatus_Kinetoplastibacterium_desouzaii	0.00001
Candidatus_Profftella_armatura	0.00001
Pseudomonas_pseudoalcaligenes	0.00254
Pseudomonas_aeruginosa	0.00087
Pseudomonas_mendocina	0.00067
Pseudomonas_alcaligenes	0.00028
Pseudomonas_citronellolis	0.00007
Pseudomonas_resinovorans	0.00005
Pseudomonas_stutzeri	0.00218
Pseudomonas_balearica	0.00003
Pseudomonas_tolaasii	0.00101
Pseudomonas_fluorescens	0.00050
Pseudomonas_azotoformans	0.00010
Pseudomonas_trivialis	0.00008
Pseudomonas_rhodesiae	0.00004
Pseudomonas_protegens	0.00004
Pseudomonas_veronii	0.00007
Pseudomonas_mandelii	0.00002
Pseudomonas_orientalis	0.00001
Pseudomonas_libanensis	0.00002
Pseudomonas_synxantha	0.00002
Pseudomonas_extremorientalis	0.00001
Pseudomonas_mucidolens	0.00001
Pseudomonas_cedrina	0.00001
Pseudomonas_sp._phDV1	0.00278
Pseudomonas_putida	0.00084
Pseudomonas_oryzihabitans	0.00011
Pseudomonas_monteilii	0.00012
Pseudomonas_fulva	0.00011
Pseudomonas_plecoglossicida	0.00006
Pseudomonas_mosselii	0.00007
Pseudomonas_sihuiensis	0.00054
Pseudomonas_alcaliphila	0.00036
Pseudomonas_sp._LPH1	0.00022
Pseudomonas_sp._ATCC_13867	0.00018
Pseudomonas_parafulva	0.00017
Pseudomonas_chlororaphis	0.00013
Pseudomonas_taetrolens	0.00002
Pseudomonas_syringae	0.00006
Pseudomonas_viridiflava	0.00001
Pseudomonas_cichorii	0.00001
Pseudomonas_amygdali	0.00002
Pseudomonas_syringae_group_genomosp._3	0.00005
Pseudomonas_prosekii	0.00008
Pseudomonas_sp._K2W31S-8	0.00006
Pseudomonas_psychrotolerans	0.00006
Pseudomonas_sp._FDAARGOS_380	0.00008
Pseudomonas_knackmussii	0.00005
Pseudomonas_sp._R2A2	0.00006
Pseudomonas_rhizosphaerae	0.00005
Pseudomonas_sp._CC6-YY-74	0.00004
Pseudomonas_entomophila	0.00004
Pseudomonas_yamanorum	0.00008
Pseudomonas_antarctica	0.00004
Pseudomonas_versuta	0.00003
Pseudomonas_sp._TCU-HL1	0.00002
Pseudomonas_extremaustralis	0.00003
Pseudomonas_sp._HLS-6	0.00003
Pseudomonas_sp._JY-Q	0.00007
Pseudomonas_kribbensis	0.00003
Pseudomonas_cremoricolorata	0.00003
Pseudomonas_sp._LH1G9	0.00005
Pseudomonas_koreensis	0.00003
Pseudomonas_sp._LG1E9	0.00003
Pseudomonas_sp._B10	0.00002
Pseudomonas_sp._NS1(2017)	0.00001
Pseudomonas_sp._MT-1	0.00002
Pseudomonas_sp._31-12	0.00001
Pseudomonas_oryzae	0.00001
Pseudomonas_psychrophila	0.00001
Pseudomonas_sp._S-6-2	0.00001
Pseudomonas_alkylphenolica	0.00001
Pseudomonas_saudiphocaensis	0.00001
Pseudomonas_vancouverensis	0.00001
Pseudomonas_thivervalensis	0.00001
Pseudomonas_sp._CCOS_191	0.00002
Pseudomonas_silesiensis	0.00001
Pseudomonas_sp._MYb193	0.00002
Pseudomonas_guangdongensis	0.00001
Pseudomonas_sp._StFLB209	0.00001
Pseudomonas_brassicacearum	0.00003
Pseudomonas_moraviensis	0.00002
Pseudomonas_sp._S09G_359	0.00001
Pseudomonas_pohangensis	0.00001
Azotobacter_chroococcum	0.00003
Acinetobacter_baumannii	0.00599
Acinetobacter_pittii	0.00101
Acinetobacter_nosocomialis	0.00017
Acinetobacter_lactucae	0.00003
Acinetobacter_junii	0.00161
Acinetobacter_schindleri	0.00025
Acinetobacter_radioresistens	0.00010
Acinetobacter_sp._WCHA45	0.00011
Acinetobacter_sp._SWBY1	0.00010
Acinetobacter_lwoffii	0.00012
Acinetobacter_sp._TTH0-4	0.00005
Acinetobacter_soli	0.00005
Acinetobacter_haemolyticus	0.00004
Acinetobacter_bereziniae	0.00004
Acinetobacter_johnsonii	0.00011
Acinetobacter_indicus	0.00003
Acinetobacter_venetianus	0.00003
Acinetobacter_sp._ACNIH1	0.00003
Acinetobacter_sp._ACNIH2	0.00003
Acinetobacter_sp._LoGeW2-3	0.00001
Acinetobacter_sp._WCHA55	0.00002
Acinetobacter_wuhouensis	0.00001
Acinetobacter_sp._WCHAc010034	0.00001
Acinetobacter_oleivorans	0.00001
Acinetobacter_sp._ADP1	0.00001
Acinetobacter_sp._NCu2D-2	0.00001
Acinetobacter_equi	0.00001
Moraxella_osloensis	0.00538
Moraxella_catarrhalis	0.00007
Moraxella_bovoculi	0.00006
Psychrobacter_sp._G	0.00001
Psychrobacter_sp._AntiMn-1	0.00001
Haemophilus_parainfluenzae	0.00396
Haemophilus_haemolyticus	0.00041
Haemophilus_influenzae	0.00034
Haemophilus_sp._oral_taxon_036	0.00013
Haemophilus_pittmaniae	0.00010
[Haemophilus]_ducreyi	0.00002
Aggregatibacter_segnis	0.00046
Aggregatibacter_aphrophilus	0.00027
Aggregatibacter_actinomycetemcomitans	0.00014
Actinobacillus_pleuropneumoniae	0.00007
Actinobacillus_succinogenes	0.00004
Actinobacillus_porcitonsillarum	0.00001
Pasteurella_multocida	0.00017
[Mannheimia]_succiniciproducens	0.00002
Gallibacterium_anatis	0.00001
Histophilus_somni	0.00002
Glaesserella_parasuis	0.00001
Xanthomonas_campestris	0.00145
Xanthomonas_translucens	0.00008
Xanthomonas_sacchari	0.00008
Xanthomonas_citri	0.00011
Xanthomonas_oryzae	0.00004
Xanthomonas_fragariae	0.00004
Xanthomonas_cassavae	0.00004
Xanthomonas_hortorum	0.00014
Xanthomonas_vesicatoria	0.00004
Xanthomonas_gardneri	0.00002
Xanthomonas_albilineans	0.00001
Lysobacter_enzymogenes	0.00090
Lysobacter_capsici	0.00012
Lysobacter_sp._TY2-98	0.00008
Lysobacter_maris	0.00005
Lysobacter_gummosus	0.00005
Lysobacter_antibioticus	0.00001
Stenotrophomonas_maltophilia	0.00079
Stenotrophomonas_sp._SAU14A_NAIMI4_5	0.00005
Stenotrophomonas_sp._ESTM1D_MKCIP4_1	0.00003
Stenotrophomonas_sp._ZAC14D2_NAIMI4_7	0.00002
Stenotrophomonas_sp._YAU14D1_LEIMI4_1	0.00002
Stenotrophomonas_acidaminiphila	0.00006
Stenotrophomonas_rhizophila	0.00005
Stenotrophomonas_sp._MYb57	0.00009
Stenotrophomonas_sp._LM091	0.00004
Stenotrophomonas_sp._Pemsol	0.00002
Luteimonas_sp._83-4	0.00019
Luteimonas_sp._100111	0.00009
Luteimonas_sp._JM171	0.00006
Pseudoxanthomonas_suwonensis	0.00023
Pseudoxanthomonas_spadix	0.00008
Xylella_taiwanensis	0.00002
Dyella_thiooxydans	0.00007
Dyella_japonica	0.00001
Luteibacter_rhizovicinus	0.00007
Dokdonella_koreensis	0.00004
Frateuria_aurantia	0.00002
Rhodanobacter_denitrificans	0.00001
Escherichia_coli	0.00345
Escherichia_marmotae	0.00001
Enterobacter_cloacae	0.00039
Enterobacter_asburiae	0.00018
Enterobacter_cloacae_complex_sp.	0.00006
Enterobacter_cancerogenus	0.00001
Enterobacter_hormaechei	0.00016
Enterobacter_kobei	0.00005
Enterobacter_roggenkampii	0.00003
Enterobacter_sp._R4-368	0.00004
Enterobacter_bugandensis	0.00001
Enterobacter_sp._E20	0.00003
Enterobacter_sp._FY-07	0.00001
Klebsiella_pneumoniae	0.00094
Klebsiella_aerogenes	0.00008
Klebsiella_quasipneumoniae	0.00009
Kosakonia_cowanii	0.00013
Pluralibacter_gergoviae	0.00010
[Enterobacter]_lignolyticus	0.00002
Salmonella_enterica	0.00021
Salmonella_bongori	0.00001
Plautia_stali_symbiont	0.00001
Enterobacteriaceae_bacterium_ENNIH1	0.00002
Enterobacteriaceae_bacterium_w17	0.00003
Candidatus_Hamiltonella_defensa	0.00004
Citrobacter_koseri	0.00006
Citrobacter_sp._FDAARGOS_156	0.00003
Lelliottia_amnigena	0.00005
Lelliottia_nimipressuralis	0.00003
Leclercia_sp._LSNIH1	0.00006
Leclercia_sp._LSNIH3	0.00002
Cronobacter_sakazakii	0.00003
Raoultella_planticola	0.00001
Pantoea_alhagi	0.00007
Pantoea_stewartii	0.00004
Pantoea_sp._At-9b	0.00002
Pantoea_rwandensis	0.00001
Pantoea_sp._PSNIH1	0.00002
Pantoea_agglomerans	0.00003
Erwinia_gerundensis	0.00007
Erwinia_persicina	0.00002
Erwinia_billingiae	0.00002
Tatumella_citrea	0.00002
Buchnera_aphidicola	0.00001
Serratia_marcescens	0.00018
Yersinia_enterocolitica	0.00006
Yersinia_rohdei	0.00003
Rahnella_aquatilis	0.00005
Rahnella_sp._ERMR1:05	0.00001
Pectobacterium_carotovorum	0.00015
Pectobacterium_atrosepticum	0.00001
Dickeya_chrysanthemi	0.00002
Dickeya_paradisiaca	0.00001
Dickeya_zeae	0.00001
Sodalis_praecaptivus	0.00001
Sodalis_endosymbiont_of_Henestaris_halophilus	0.00001
Providencia_sneebia	0.00011
Providencia_rettgeri	0.00002
Providencia_stuartii	0.00001
Proteus_vulgaris	0.00001
Xenorhabdus_nematophila	0.00001
Edwardsiella_tarda	0.00005
Halomonas_sp._JS92-SW72	0.00021
Halomonas_sp._A3H3	0.00006
Halomonas_chromatireducens	0.00005
Halomonas_sp._1513	0.00004
Halomonas_subglaciescola	0.00003
Halomonas_sp._GFAJ-1	0.00002
Halomonas_beimenensis	0.00003
Halomonas_hydrothermalis	0.00003
Halomonas_sp._KO116	0.00002
Halomonas_aestuarii	0.00001
Salinicola_tamaricis	0.00005
Zymobacter_palmae	0.00001
Alcanivorax_dieselolei	0.00004
Alcanivorax_xenomutans	0.00002
Alcanivorax_sp._N3-2A	0.00003
Marinobacterium_aestuarii	0.00002
Marinomonas_sp._MWYL1	0.00001
Oleispira_antarctica	0.00001
Saccharospirillum_mangrovi	0.00002
Gynuella_sunshinyii	0.00001
Endozoicomonas_montiporae	0.00001
Shewanella_baltica	0.00004
Shewanella_sp._MR-7	0.00004
Shewanella_algae	0.00003
Shewanella_japonica	0.00001
Shewanella_sp._ANA-3	0.00001
Shewanella_putrefaciens	0.00002
Shewanella_oneidensis	0.00001
Alteromonas_stellipolaris	0.00004
Alteromonas_mediterranea	0.00001
Alteromonas_naphthalenivorans	0.00001
Marinobacter_salarius	0.00001
Marinobacter_sp._CP1	0.00001
Glaciecola_nitratireducens	0.00002
Paraglaciecola_psychrophila	0.00001
Lacimicrobium_alkaliphilum	0.00001
Pseudoalteromonas_piratica	0.00004
Pseudoalteromonas_atlantica	0.00004
Colwellia_psychrerythraea	0.00001
Ferrimonas_balearica	0.00001
Psychromonas_ingrahamii	0.00001
Thioalkalivibrio_sulfidiphilus	0.00009
Thioalkalivibrio_versutus	0.00002
Alkalilimnicola_ehrlichii	0.00006
Halorhodospira_halophila	0.00001
Spiribacter_curvatus	0.00001
Acidihalobacter_prosperus	0.00001
Thioflavicoccus_mobilis	0.00011
Candidatus_Thiodictyon_syntrophicum	0.00003
Thiocystis_violascens	0.00001
Chromatiaceae_bacterium_2141T.STBD.0c.01a	0.00001
Wenzhouxiangella_marina	0.00001
Woeseia_oceani	0.00001
Aeromonas_hydrophila	0.00008
Aeromonas_salmonicida	0.00003
Aeromonas_sp._ASNIH7	0.00010
Aeromonas_sp._ASNIH2	0.00010
Aeromonas_caviae	0.00004
Zobellella_denitrificans	0.00004
Oceanimonas_sp._GK1	0.00003
Oceanisphaera_profunda	0.00001
Vibrio_fluvialis	0.00003
Vibrio_scophthalmi	0.00003
Vibrio_harveyi	0.00001
Vibrio_parahaemolyticus	0.00001
Vibrio_gazogenes	0.00001
Vibrio_shilonii	0.00001
Vibrio_cholerae	0.00002
Photobacterium_damselae	0.00003
Photobacterium_gaetbulicola	0.00001
Paraphotobacterium_marinum	0.00004
Grimontia_hollisae	0.00001
Thiohalobacter_thiocyanaticus	0.00004
Thiolapillus_brandeum	0.00003
Sedimenticola_thiotaurini	0.00002
gamma_proteobacterium_HdN1	0.00001
Candidatus_Thioglobus_autotrophicus	0.00001
Methylomonas_denitrificans	0.00006
Methylocaldum_marinum	0.00003
Methylococcus_capsulatus	0.00001
Francisella_sp._CA97-1460	0.00005
Allofrancisella_guangzhouensis	0.00001
Piscirickettsia_salmonis	0.00001
Methylophaga_nitratireducenticrescens	0.00001
Beggiatoa_leptomitoformis	0.00001
Thioploca_ingrica	0.00001
Gilliamella_apicola	0.00009
Microbulbifer_agarilyticus	0.00002
Microbulbifer_aggregans	0.00002
Cellvibrio_sp._PSBB006	0.00001
Simiduia_agarivorans	0.00001
Halioglobus_japonicus	0.00001
Sulfuricaulis_limicola	0.00005
Acidiferrobacter_sp._SPIII_3	0.00001
Sulfurifustis_variabilis	0.00001
Solimonas_sp._K1W22B-7	0.00005
Steroidobacter_denitrificans	0.00001
Legionella_pneumophila	0.00001
Legionella_fallonii	0.00001
Tatlockia_micdadei	0.00001
Salinisphaera_sp._LB1	0.00002
Immundisolibacter_cernigliae	0.00002
Methylobacterium_sp._17Sr1-43	0.00043
Methylobacterium_radiotolerans	0.00062
Methylobacterium_currus	0.00025
Methylobacterium_sp._DM1	0.00027
Methylobacterium_sp._17SD2-17	0.00019
Methylobacterium_sp._17Sr1-28	0.00022
Methylobacterium_aquaticum	0.00018
Methylobacterium_nodulans	0.00015
Methylobacterium_sp._4-46	0.00014
Methylobacterium_phyllosphaerae	0.00030
Methylobacterium_sp._C1	0.00037
Methylobacterium_sp._17Sr1-1	0.00014
Methylobacterium_sp._XJLM	0.00056
Methylobacterium_oryzae	0.00040
Methylobacterium_sp._AMS5	0.00007
Methylorubrum_populi	0.00050
Methylorubrum_extorquens	0.00086
Methylorubrum_zatmanii	0.00009
Microvirga_sp._17_mud_1-3	0.00002
Microvirga_ossetica	0.00001
Rhizobium_sp._NT-26	0.00012
Rhizobium_sp._S41	0.00034
Rhizobium_leguminosarum	0.00009
Rhizobium_sp._IRBG74	0.00018
Rhizobium_etli	0.00014
Rhizobium_sp._NXC24	0.00005
Rhizobium_tropici	0.00004
Rhizobium_sp._ACO-34A	0.00004
Rhizobium_gallicum	0.00003
Rhizobium_sp._11515TR	0.00002
Rhizobium_sp._CIAT894	0.00003
Rhizobium_phaseoli	0.00003
Rhizobium_sp._Y9	0.00003
Agrobacterium_tumefaciens	0.00012
Agrobacterium_sp._RAC06	0.00006
Agrobacterium_rhizogenes	0.00004
Agrobacterium_vitis	0.00002
Agrobacterium_sp._H13-3	0.00004
Neorhizobium_sp._SOG26	0.00011
Neorhizobium_galegae	0.00005
Neorhizobium_sp._NCHU2750	0.00003
Sinorhizobium_fredii	0.00023
Sinorhizobium_sp._RAC02	0.00010
Sinorhizobium_meliloti	0.00010
Sinorhizobium_americanum	0.00006
Ensifer_adhaerens	0.00009
Ensifer_sojae	0.00001
Shinella_sp._HZN7	0.00006
Bradyrhizobium_sp._SK17	0.00016
Bradyrhizobium_erythrophlei	0.00013
Bradyrhizobium_sp._BTAi1	0.00007
Bradyrhizobium_sp._ORS_278	0.00005
Bradyrhizobium_diazoefficiens	0.00007
Bradyrhizobium_sp.	0.00011
Bradyrhizobium_icense	0.00004
Bradyrhizobium_lablabi	0.00010
Bradyrhizobium_sp._ORS_285	0.00004
Bradyrhizobium_japonicum	0.00009
Bradyrhizobium_sp._S23321	0.00003
Bradyrhizobium_ottawaense	0.00008
Bradyrhizobium_sp._CCGE-LA001	0.00003
Bradyrhizobium_sp._2_39S1MB	0.00003
Bradyrhizobium_sp._G22	0.00006
Bradyrhizobium_sp._WSM471	0.00003
Bradyrhizobium_sp._3_85S1MB	0.00002
Bradyrhizobium_oligotrophicum	0.00001
Bosea_vaviloviae	0.00011
Bosea_sp._RAC05	0.00012
Bosea_sp._AS-1	0.00007
Bosea_sp._PAMC_26642	0.00003
Rhodopseudomonas_palustris	0.00034
Nitrobacter_hamburgensis	0.00006
Afipia_sp._GAS231	0.00007
Bradyrhizobiaceae_bacterium_SG-6C	0.00003
Mesorhizobium_sp._DCY119	0.00008
Mesorhizobium_ciceri	0.00010
Mesorhizobium_oceanicum	0.00005
Mesorhizobium_australicum	0.00004
Mesorhizobium_opportunistum	0.00003
Mesorhizobium_japonicum	0.00003
Mesorhizobium_amorphae	0.00001
Aminobacter_sp._MSH1	0.00007
Aminobacter_aminovorans	0.00002
Nitratireductor_basaltis	0.00003
Nitratireductor_sp._OM-1	0.00004
Hoeflea_sp._IMCC20628	0.00005
Chelativorans_sp._BNC1	0.00001
Hyphomicrobium_denitrificans	0.00004
Hyphomicrobium_sp._MC1	0.00005
Hyphomicrobium_nitrativorans	0.00002
Devosia_sp._A16	0.00006
Devosia_sp._H5989	0.00002
Devosia_sp._I507	0.00002
Blastochloris_viridis	0.00008
Candidatus_Filomicrobium_marinum	0.00003
Pelagibacterium_halotolerans	0.00002
Rhodomicrobium_vannielii	0.00001
Rhodoplanes_sp._Z2-YC6860	0.00001
Martelella_mediterranea	0.00008
Martelella_sp._AD-3	0.00004
Aureimonas_sp._AU20	0.00009
Xanthobacter_autotrophicus	0.00006
Pseudolabrys_taiwanensis	0.00005
Azorhizobium_caulinodans	0.00004
Starkeya_novella	0.00004
Ochrobactrum_anthropi	0.00011
Ochrobactrum_sp._A44	0.00002
Ochrobactrum_pseudogrignonense	0.00001
Methyloceanibacter_caenitepidi	0.00004
Methyloceanibacter_sp._wino2	0.00001
Pseudorhodoplanes_sinuspersici	0.00002
Hartmannibacter_diazotrophicus	0.00001
Bartonella_grahamii	0.00002
Bartonella_apis	0.00002
Bartonella_henselae	0.00001
Bartonella_bovis	0.00001
Methylosinus_trichosporium	0.00006
Methylocella_silvestris	0.00005
Chelatococcus_sp._CO-6	0.00005
Anderseniella_sp._Alg231-50	0.00001
Candidatus_Phaeomarinobacter_ectocarpi	0.00001
Sphingomonas_sp._LK11	0.00195
Sphingomonas_melonis	0.00101
Sphingomonas_koreensis	0.00027
Sphingomonas_panacis	0.00020
Sphingomonas_sp._FARSPH	0.00024
Sphingomonas_hengshuiensis	0.00014
Sphingomonas_wittichii	0.00020
Sphingomonas_sanxanigenens	0.00012
Sphingomonas_sp._LM7	0.00011
Sphingomonas_indica	0.00010
Sphingomonas_taxi	0.00010
Sphingomonas_sp._NIC1	0.00012
Sphingomonas_sp._MM-1	0.00013
Sphingomonas_sp._Cra20	0.00007
Sphingomonas_sp._JJ-A5	0.00007
Sphingomonas_sp._KC8	0.00002
Sphingobium_yanoikuyae	0.00057
Sphingobium_baderi	0.00046
Sphingobium_sp._YG1	0.00018
Sphingobium_cloacae	0.00021
Sphingobium_hydrophobicum	0.00012
Sphingobium_sp._YBL2	0.00009
Sphingobium_sp._SYK-6	0.00007
Sphingobium_sp._TKS	0.00010
Sphingobium_sp._RAC03	0.00004
Sphingobium_sp._SCG-1	0.00002
Sphingobium_herbicidovorans	0.00002
Sphingobium_japonicum	0.00005
Sphingobium_sp._MI1205	0.00003
Sphingobium_sp._EP60837	0.00001
Sphingopyxis_macrogoltabida	0.00040
Sphingopyxis_sp._113P3	0.00016
Sphingopyxis_fribergensis	0.00011
Sphingopyxis_sp._EG6	0.00012
Sphingopyxis_sp._FD7	0.00011
Sphingopyxis_sp._QXT-31	0.00008
Sphingopyxis_alaskensis	0.00007
Sphingopyxis_sp._WS5A3p	0.00005
Sphingopyxis_terrae	0.00003
Novosphingobium_resinovorum	0.00019
Novosphingobium_sp._THN1	0.00012
Novosphingobium_sp._P6W	0.00009
Novosphingobium_pentaromativorans	0.00017
Novosphingobium_aromaticivorans	0.00001
Sphingorhabdus_flavimaris	0.00004
Sphingorhabdus_sp._YGSMI21	0.00004
Sphingorhabdus_sp._Alg231-15	0.00001
Citromicrobium_sp._JL477	0.00010
Rhizorhabdus_dicambivorans	0.00012
Blastomonas_sp._RAC04	0.00005
Erythrobacter_sp._HL-111	0.00020
Erythrobacter_litoralis	0.00016
Erythrobacter_flavus	0.00012
Erythrobacter_sp._YH-07	0.00008
Erythrobacter_seohaensis	0.00006
Erythrobacter_atlanticus	0.00006
Erythrobacter_sp._KY5	0.00005
Erythrobacter_gangjinensis	0.00001
Erythrobacter_sp._Alg231-14	0.00001
Altererythrobacter_dongtanensis	0.00017
Altererythrobacter_mangrovi	0.00009
Altererythrobacter_epoxidivorans	0.00008
Altererythrobacter_marensis	0.00007
Altererythrobacter_ishigakiensis	0.00004
Altererythrobacter_atlanticus	0.00006
Altererythrobacter_sp._B11	0.00005
Altererythrobacter_namhicola	0.00003
Porphyrobacter_sp._LM_6	0.00013
Porphyrobacter_sp._CACIAM_03H1	0.00007
Porphyrobacter_neustonensis	0.00003
Porphyrobacter_HT-58-2	0.00003
Croceicoccus_naphthovorans	0.00013
Croceicoccus_marinus	0.00007
Paracoccus_yeei	0.00127
Paracoccus_contaminans	0.00076
Paracoccus_denitrificans	0.00030
Paracoccus_zhejiangensis	0.00026
Paracoccus_aminovorans	0.00016
Paracoccus_mutanolyticus	0.00026
Paracoccus_sp._SC2-6	0.00014
Paracoccus_sp._CBA4604	0.00013
Paracoccus_aminophilus	0.00010
Paracoccus_sp._BM15	0.00005
Rhodobacter_sphaeroides	0.00027
Rhodobacter_sp._LPB0142	0.00011
Rhodobacter_sp._CZR27	0.00008
Rhodobacter_capsulatus	0.00004
Yangia_pacifica	0.00009
Yangia_sp._CCB-MM3	0.00004
Phaeobacter_inhibens	0.00007
Phaeobacter_piscinae	0.00006
Rhodovulum_sulfidophilum	0.00006
Rhodovulum_sp._MB263	0.00003
Rhodovulum_sp._P5	0.00003
Pelagibaca_abyssi	0.00012
Octadecabacter_temperatus	0.00007
Octadecabacter_arcticus	0.00001
Sagittula_sp._P11	0.00011
Sulfitobacter_sp._AM1-D1	0.00006
Sulfitobacter_sp._SK012	0.00002
Sulfitobacter_sp._SK025	0.00001
Thalassococcus_sp._SH-1	0.00008
Rhodobacteraceae_bacterium_QY30	0.00004
Rhodobacteraceae_bacterium	0.00005
Celeribacter_ethanolicus	0.00003
Celeribacter_indicus	0.00002
Celeribacter_marinus	0.00001
Celeribacter_manganoxidans	0.00001
Labrenzia_sp._CP4	0.00006
Brevirhabdus_pacifica	0.00006
Salipiger_profundus	0.00007
Defluviimonas_alba	0.00006
Ruegeria_sp._AD91A	0.00002
Ruegeria_pomeroyi	0.00001
Leisingera_methylohalidivorans	0.00004
Stappia_sp._ES.058	0.00004
Yoonia_vestfoldensis	0.00003
Epibacterium_mobile	0.00003
Tateyamaria_omphalii	0.00002
Gemmobacter_sp._HYN0069	0.00003
Roseobacter_litoralis	0.00002
Pseudovibrio_sp._FO-BEG1	0.00001
Dinoroseobacter_shibae	0.00002
Pannonibacter_phragmitetus	0.00001
Marinovum_algicola	0.00002
Roseibacterium_elongatum	0.00001
Antarctobacter_heliothermus	0.00001
Roseovarius_sp._TM1035	0.00001
Hyphomonas_neptunium	0.00002
Maricaulis_maris	0.00001
Brevundimonas_vesicularis	0.00091
Brevundimonas_sp._GW460-12-10-14-LB2	0.00087
Brevundimonas_sp._DS20	0.00048
Brevundimonas_subvibrioides	0.00020
Brevundimonas_diminuta	0.00017
Brevundimonas_naejangsanensis	0.00008
Brevundimonas_sp._LM2	0.00006
Caulobacter_vibrioides	0.00014
Caulobacter_mirabilis	0.00006
Caulobacter_segnis	0.00006
Caulobacter_sp._K31	0.00004
Caulobacter_henricii	0.00002
Phenylobacterium_zucineum	0.00007
Phenylobacterium_sp._HYN0004	0.00002
Caulobacteraceae_bacterium_OTSz_A_272	0.00002
Roseomonas_sp._FDAARGOS_362	0.00123
Roseomonas_gilardii	0.00014
Komagataeibacter_nataicola	0.00002
Komagataeibacter_xylinus	0.00003
Komagataeibacter_europaeus	0.00001
Komagataeibacter_saccharivorans	0.00001
Komagataeibacter_medellinensis	0.00001
Acetobacter_pomorum	0.00013
Acetobacter_persici	0.00001
Acidiphilium_cryptum	0.00006
Gluconobacter_oxydans	0.00002
Gluconobacter_albidus	0.00001
Acidisphaera_sp._G45-3	0.00001
Granulibacter_bethesdensis	0.00001
Azospirillum_lipoferum	0.00014
Azospirillum_thiophilum	0.00011
Azospirillum_brasilense	0.00008
Azospirillum_humicireducens	0.00004
Azospirillum_sp._TSH58	0.00002
Magnetospirillum_gryphiswaldense	0.00936
Magnetospirillum_magneticum	0.00002
Magnetospirillum_sp._ME-1	0.00001
Nitrospirillum_amazonense	0.00006
Rhodospirillum_rubrum	0.00002
Rhodospirillum_centenum	0.00001
Rhodospirillaceae_bacterium_SCSIO_08040	0.00002
Candidatus_Endolissoclinum_faulkneri	0.00002
Niveispirillum_cyanobacteriorum	0.00002
Thalassospira_marina	0.00001
Tistrella_mobilis	0.00001
Pararhodospirillum_photometricum	0.00001
Rickettsia_felis	0.00007
Candidatus_Pelagibacter_sp._RS39	0.00005
Candidatus_Pelagibacter_sp._IMCC9063	0.00002
Candidatus_Fonsibacter_ubiquis	0.00001
Phreatobacter_cathodiphilus	0.00004
Micavibrio_aeruginosavorus	0.00001
Magnetococcus_marinus	0.00003
Candidatus_Paracaedibacter_acanthamoebae	0.00001
Myxococcus_fulvus	0.00006
Myxococcus_stipitatus	0.00004
Myxococcus_xanthus	0.00003
Myxococcus_hansupus	0.00002
Archangium_gephyra	0.00009
Melittangium_boletus	0.00003
Anaeromyxobacter_sp._Fw109-5	0.00002
Anaeromyxobacter_dehalogenans	0.00001
Anaeromyxobacter_sp._K	0.00001
Sorangium_cellulosum	0.00020
Chondromyces_crocatus	0.00003
Sandaracinus_amylolyticus	0.00002
Haliangium_ochraceum	0.00006
Geobacter_sulfurreducens	0.00003
Geobacter_bemidjiensis	0.00002
Geobacter_pickeringii	0.00001
Geobacter_anodireducens	0.00001
Geoalkalibacter_subterraneus	0.00001
Pelobacter_propionicus	0.00004
Desulfuromonas_soudanensis	0.00001
Desulfovibrio_africanus	0.00002
Desulfovibrio_magneticus	0.00003
Desulfovibrio_vulgaris	0.00001
Desulfovibrio_fairfieldensis	0.00001
Desulfobacca_acetoxidans	0.00006
Desulfomonile_tiedjei	0.00001
Desulfobulbus_sp._ORNL	0.00002
Desulfobacter_postgatei	0.00001
Desulfarculus_baarsii	0.00004
Desulfurella_acetivorans	0.00001
Bradymonas_sediminis	0.00001
Campylobacter_concisus	0.00025
Campylobacter_ureolyticus	0.00020
Campylobacter_jejuni	0.00006
Campylobacter_iguaniorum	0.00002
Campylobacter_hominis	0.00002
Helicobacter_pylori	0.00004
Helicobacter_sp._MIT_01-6242	0.00001
Sulfurimonas_denitrificans	0.00002
Sulfuricurvum_kujiense	0.00001
Nautilia_profundicola	0.00004
Hydrogenophilus_thermoluteolus	0.00017
Bdellovibrio_bacteriovorus	0.00009
Bacteriovorax_stolpii	0.00001
Mariprofundus_ferrinatatus	0.00003
Prevotella_intermedia	0.01138
Prevotella_melaninogenica	0.00314
Prevotella_jejuni	0.00228
Prevotella_enoeca	0.00189
Prevotella_scopos	0.00246
Prevotella_sp._oral_taxon_299	0.00161
Prevotella_dentalis	0.00153
Prevotella_denticola	0.00177
Prevotella_fusca	0.00105
Prevotella_ruminicola	0.00023
Porphyromonas_asaccharolytica	0.00362
Porphyromonas_gingivalis	0.00074
Porphyromonas_crevioricanis	0.00016
Petrimonas_mucosa	0.00003
Bacteroides_fragilis	0.00131
Bacteroides_dorei	0.00062
Bacteroides_salanitronis	0.00032
Bacteroides_heparinolyticus	0.00042
Bacteroides_zoogleoformans	0.00037
Bacteroides_thetaiotaomicron	0.00031
Bacteroides_vulgatus	0.00025
Bacteroides_cellulosilyticus	0.00011
Bacteroides_caecimuris	0.00012
Bacteroides_caccae	0.00006
Bacteroides_helcogenes	0.00006
Bacteroides_coprosuis	0.00005
Bacteroides_ovatus	0.00001
Tannerella_sp._oral_taxon_HOT-286	0.00026
Tannerella_forsythia	0.00037
Parabacteroides_distasonis	0.00006
Parabacteroides_sp._CT06	0.00007
Alistipes_shahii	0.00009
Alistipes_finegoldii	0.00006
Mucinivorans_hirudinis	0.00001
Odoribacter_splanchnicus	0.00016
Candidatus_Azobacteroides_pseudotrichonymphae	0.00006
Bacteroidales_bacterium_CF	0.00003
Barnesiella_viscericola	0.00007
Muribaculum_intestinale	0.00005
Proteiniphilum_saccharofermentans	0.00005
Paludibacter_propionicigenes	0.00005
Draconibacterium_orientale	0.00003
Alkalitalea_saponilacus	0.00002
Marinifilaceae_bacterium_SPP2	0.00002
Capnocytophaga_leadbetteri	0.00273
Capnocytophaga_gingivalis	0.00078
Capnocytophaga_sputigena	0.00071
Capnocytophaga_sp._ChDC_OS43	0.00030
Capnocytophaga_sp._oral_taxon_878	0.00018
Capnocytophaga_ochracea	0.00008
Capnocytophaga_haemolytica	0.00005
Capnocytophaga_sp._oral_taxon_323	0.00006
Capnocytophaga_stomatis	0.00005
Capnocytophaga_sp._oral_taxon_864	0.00003
Ornithobacterium_rhinotracheale	0.00132
Chryseobacterium_taklimakanense	0.00011
Chryseobacterium_indologenes	0.00003
Chryseobacterium_piperi	0.00003
Chryseobacterium_gallinarum	0.00003
Chryseobacterium_sp._StRB126	0.00002
Chryseobacterium_glaciei	0.00001
Chryseobacterium_sp._IHB_B_17019	0.00001
Chryseobacterium_sp._T16E-39	0.00001
Flavobacterium_columnare	0.00007
Flavobacterium_branchiophilum	0.00002
Flavobacterium_sp._HYN0056	0.00002
Flavobacterium_sp._MEBiC07310	0.00001
Flavobacterium_faecale	0.00001
Flavobacterium_sp._HYN0049	0.00001
Flavobacterium_sp._HYN0048	0.00001
Flavobacterium_sp._AJ004	0.00001
Elizabethkingia_anophelis	0.00004
Elizabethkingia_ursingii	0.00004
Elizabethkingia_miricola	0.00001
Winogradskyella_sp._RHA_55	0.00004
Winogradskyella_sp._PG-2	0.00001
Winogradskyella_sp._J14-2	0.00001
Formosa_sp._Hel1_33_131	0.00002
Formosa_agariphila	0.00001
Formosa_sp._Hel3_A1_48	0.00001
Myroides_sp._ZB35	0.00004
Nonlabens_spongiae	0.00004
Dokdonia_sp._MED134	0.00003
Flavobacteriaceae_bacterium_3519-10	0.00001
Flavobacteriaceae_bacterium_UJ101	0.00001
Tenacibaculum_dicentrarchi	0.00003
Polaribacter_reichenbachii	0.00002
Gillisia_sp._Hel1_33_143	0.00003
Sediminicola_sp._YIK13	0.00001
Gilvibacter_sp._SZ-19	0.00001
Zunongwangia_profunda	0.00001
Maribacter_cobaltidurans	0.00001
Weeksella_virosa	0.00001
Croceibacter_atlanticus	0.00001
Riemerella_anatipestifer	0.00001
Psychroflexus_torquis	0.00001
Cellulophaga_algicola	0.00001
Muricauda_lutaonensis	0.00001
Blattabacterium_sp._(Mastotermes_darwiniensis)	0.00002
Blattabacterium_sp._(Blaberus_giganteus)	0.00001
Hymenobacter_sedentarius	0.00005
Hymenobacter_sp._sh-6	0.00004
Hymenobacter_swuensis	0.00004
Hymenobacter_sp._PAMC_26554	0.00003
Hymenobacter_sp._PAMC_26628	0.00004
Pontibacter_actiniarum	0.00004
Pontibacter_korlensis	0.00002
Rufibacter_sp._DG31D	0.00001
Spirosoma_pollinicola	0.00004
Spirosoma_radiotolerans	0.00002
Fibrella_aestuarina	0.00003
Fibrella_sp._ES10-3-2-2	0.00002
Runella_slithyformis	0.00002
Pseudarcicella_sp._HME7025	0.00002
Arcticibacterium_luteifluviistationis	0.00002
Belliella_baltica	0.00003
Echinicola_vietnamensis	0.00001
Flammeovirgaceae_bacterium_311	0.00002
Flammeovirga_sp._MY04	0.00001
Cardinium_endosymbiont_of_Encarsia_pergandiella	0.00001
Candidatus_Amoebophilus_asiaticus	0.00001
Persicobacter_sp._JZB09	0.00002
Mucilaginibacter_sp._PAMC_26640	0.00005
Mucilaginibacter_mallensis	0.00003
Mucilaginibacter_sp._BJC16-A31	0.00001
Sphingobacterium_sp._21	0.00005
Sphingobacterium_sp._G1-14	0.00002
Pedobacter_cryoconitis	0.00005
Pedobacter_heparinus	0.00001
Pedobacter_sp._PACM_27299	0.00001
Solitalea_canadensis	0.00003
Sphingobacteriaceae_bacterium_GW460-11-11-14-LB5	0.00002
Pseudopedobacter_saltans	0.00001
Chitinophaga_pinensis	0.00001
Chitinophaga_caeni	0.00001
Chitinophaga_sp._MD30	0.00001
Niastella_koreensis	0.00002
Flavisolibacter_tropicus	0.00002
Filimonas_lacunae	0.00001
Haliscomenobacter_hydrossis	0.00009
Rhodothermaceae_bacterium	0.00001
Chlorobium_limicola	0.00002
Chlorobium_phaeobacteroides	0.00004
Prosthecochloris_aestuarii	0.00001
Ignavibacterium_album	0.00001
Gemmatirosa_kalamazoonesis	0.00003
Fibrobacter_succinogenes	0.00001
Candidatus_Cloacimonas_acidaminovorans	0.00001
Leptotrichia_buccalis	0.00048
Leptotrichia_sp._oral_taxon_212	0.00037
Leptotrichia_sp._oral_taxon_498	0.00010
Leptotrichia_sp._oral_taxon_847	0.00005
Streptobacillus_moniliformis	0.00010
Sneathia_amnii	0.00006
Fusobacterium_nucleatum	0.00057
Fusobacterium_periodonticum	0.00031
Fusobacterium_necrophorum	0.00004
Fusobacterium_hwasookii	0.00007
Fusobacterium_mortiferum	0.00002
Fusobacterium_varium	0.00003
Fusobacterium_sp._oral_taxon_203	0.00002
Gemmata_sp._SH-PL17	0.00007
Gemmata_obscuriglobus	0.00001
Planctomyces_sp._SH-PL14	0.00001
Planctomyces_sp._SH-PL62	0.00001
Rubinisphaera_brasiliensis	0.00002
Pirellula_staleyi	0.00001
Fuerstia_marisgermanicae	0.00001
Isosphaera_pallida	0.00003
Singulisphaera_acidiphila	0.00001
Paludisphaera_borealis	0.00001
Opitutaceae_bacterium_TAV5	0.00012
Opitutus_terrae	0.00001
Akkermansia_glycaniphila	0.00002
Verrucomicrobia_bacterium	0.00002
Chlamydia_suis	0.00004
Chlamydia_trachomatis	0.00002
Chlamydia_sp._S15-834C	0.00002
Parachlamydia_acanthamoebae	0.00001
Candidatus_Protochlamydia_naegleriophila	0.00001
Kiritimatiella_glycovorans	0.00001
Treponema_sp._OMZ_838	0.00006
Treponema_denticola	0.00004
Spirochaeta_africana	0.00002
Sediminispirochaeta_smaragdinae	0.00002
Sphaerochaeta_coccoides	0.00001
Borrelia_miyamotoi	0.00002
Borreliella_bissettii	0.00002
Brachyspira_intermedia	0.00005
Brachyspira_hyodysenteriae	0.00001
Leptospira_interrogans	0.00002
Leptospira_alstonii	0.00002
Candidatus_Saccharibacteria_oral_taxon_TM7x	0.00012
Candidatus_Saccharibacteria_bacterium_YM_S32_TM7_50_20	0.00005
Candidatus_Gracilibacteria_bacterium_HOT-871	0.00001
bacterium_2013Arg42i	0.00004
Jonquetella_anthropi	0.00010
Cloacibacillus_porcorum	0.00003
Aminomonas_paucivorans	0.00001
Terriglobus_roseus	0.00002
Granulicella_mallensis	0.00001
Granulicella_tundricola	0.00001
Candidatus_Solibacter_usitatus	0.00005
Candidatus_Nitrospira_inopinata	0.00002
Nitrospira_moscoviensis	0.00001
Nitrospira_japonica	0.00001
Thermosulfidibacter_takaii	0.00001
Sulfurihydrogenibium_sp._YO3AOP1	0.00001
Desulfurobacterium_thermolithotrophum	0.00001
Thermovibrio_ammonificans	0.00001
Thermotoga_sp._RQ2	0.00001
Elusimicrobium_minutum	0.00002
Caldithrix_abyssi	0.00001
Homo_sapiens	0.08686
Haloarcula_hispanica	0.00001
Halomicrobium_mukohataei	0.00003
Natronomonas_pharaonis	0.00001
Halalkalicoccus_jeotgali	0.00007
Halobacterium_hubeiense	0.00001
Halanaeroarchaeum_sulfurireducens	0.00001
Halopenitus_persicus	0.00003
Halorubrum_lacusprofundi	0.00005
Haloferax_volcanii	0.00004
Natronococcus_occultus	0.00002
Salinarchaeum_sp._Harcht-Bsk1	0.00002
Haloterrigena_turkmenica	0.00001
Methanoculleus_bourgensis	0.00002
Methanoculleus_marisnigri	0.00001
Methanocorpusculum_labreanum	0.00001
Methanosarcina_sp._WWM596	0.00002
Methanocella_arvoryzae	0.00001
Methanocaldococcus_jannaschii	0.00002
Methanobacterium_lacus	0.00001
Candidatus_Methanomassiliicoccus_intestinalis	0.00001
Sulfolobus_islandicus	0.00002
Acidilobus_sp._7A	0.00001
archaeon_AArc-Sl	0.00002
Molluscum_contagiosum_virus	0.00172
Staphylococcus_virus_IPLA5	0.00009
Staphylococcus_virus_PH15	0.00009
Staphylococcus_phage_StB27	0.00003
Staphylococcus_phage_StB12	0.00002
Staphylococcus_virus_IPLA7	0.00001
Staphylococcus_virus_CNPH82	0.00002
Propionibacterium_phage_PHL085	0.00005
Propionibacterium_phage_PHL152	0.00005
Propionibacterium_phage_PHL067M10	0.00003
Propionibacterium_virus_P100D	0.00004
Propionibacterium_virus_PHL060L00	0.00002
Propionibacterium_virus_Ouroboros	0.00001
Propionibacterium_virus_Pirate	0.00002
Propionibacterium_virus_PHL111M01	0.00002
Streptococcus_phage_SpSL1	0.00004
Streptococcus_phage_SM1	0.00001
Lactococcus_virus_CB14	0.00003
Lactococcus_phage_jm2	0.00002
Pseudomonas_virus_EL	0.00003
Streptococcus_phage_EJ-1	0.00001
Pseudomonas_phage_VCM	0.00001
Staphylococcus_virus_IPLAC1C	0.00001
Klebsiella_virus_SU503	0.00001
Suid_alphaherpesvirus_1	0.00001
Loktanella_phage_pCB2051-A	0.00001
Primate_erythroparvovirus_1	0.00003
